# slack_ns	startpoint	endpoint	cells
-0.336116	index_wb_data$_SDFFE_PP0P_/Q	o_wb_data[93]	_42744_|clone16100|index_wb_data$_SDFFE_PP0P_|output2590|place14432|place14433|place15124|place15125|rebuffer16099|rebuffer16466
-0.334541	index_wb_data$_SDFFE_PP0P_/Q	o_wb_data[446]	_43108_|index_wb_data$_SDFFE_PP0P_|place14019|place14020|place15121|place15123|place15138|place7113|rebuffer15859|rebuffer16465
-0.334335	index_wb_data$_SDFFE_PP0P_/Q	o_wb_data[36]	_42675_|index_wb_data$_SDFFE_PP0P_|place14503|place15110|place15112|place15138|place7137|rebuffer15892|rebuffer16465
-0.333827	index_wb_data$_SDFFE_PP0P_/Q	o_wb_data[118]	_42770_|index_wb_data$_SDFFE_PP0P_|output2106|place14401|place15152|place15153|place15157|place15158|rebuffer15516|rebuffer16469|rebuffer16597
-0.331179	index_wb_data$_SDFFE_PP0P_/Q	o_wb_data[108]	_42760_|index_wb_data$_SDFFE_PP0P_|output2095|place14413|place14414|place15152|place15153|place15157|place15158|rebuffer15516|rebuffer16469
-0.330547	index_wb_data$_SDFFE_PP0P_/Q	o_wb_data[193]	_42849_|index_wb_data$_SDFFE_PP0P_|output2189|place14308|place14309|place15111|place15112|place15138|rebuffer15892|rebuffer16465
-0.328609	lane[1]$_SDFFE_PP0P_/Q	o_phy_idelay_data_cntvaluein[4]	_43589_|_43590_|_43591_|lane[1]$_SDFFE_PP0P_|output2034|place12558|place15047|place15049|place15062
-0.328609	lane[1]$_SDFFE_PP0P_/Q	o_phy_idelay_data_cntvaluein[4]	_43589_|_43590_|_43591_|lane[1]$_SDFFE_PP0P_|output2034|place12558|place15047|place15049|place15062
-0.328607	lane[1]$_SDFFE_PP0P_/Q	o_phy_idelay_data_cntvaluein[4]	_43589_|_43590_|_43591_|lane[1]$_SDFFE_PP0P_|output2034|place12558|place15047|place15049|place15062
-0.328607	lane[1]$_SDFFE_PP0P_/Q	o_phy_idelay_data_cntvaluein[4]	_43589_|_43590_|_43591_|lane[1]$_SDFFE_PP0P_|output2034|place12558|place15047|place15049|place15062
-0.328250	index_wb_data$_SDFFE_PP0P_/Q	o_wb_data[509]	_43174_|index_wb_data$_SDFFE_PP0P_|place13945|place15123|place15138|place7064|rebuffer15859|rebuffer16403|rebuffer16465
-0.327726	lane[1]$_SDFFE_PP0P_/Q	o_phy_idelay_data_cntvaluein[1]	_43195_|_43197_|_43201_|lane[1]$_SDFFE_PP0P_|output2031|place12603|place15052|place15062
-0.327725	lane[1]$_SDFFE_PP0P_/Q	o_phy_idelay_data_cntvaluein[1]	_43195_|_43197_|_43201_|lane[1]$_SDFFE_PP0P_|output2031|place12603|place15052|place15062
-0.327724	lane[1]$_SDFFE_PP0P_/Q	o_phy_idelay_data_cntvaluein[1]	_43195_|_43197_|_43201_|lane[1]$_SDFFE_PP0P_|output2031|place12603|place15052|place15062
-0.327724	lane[1]$_SDFFE_PP0P_/Q	o_phy_idelay_data_cntvaluein[1]	_43195_|_43197_|_43201_|lane[1]$_SDFFE_PP0P_|output2031|place12603|place15052|place15062
-0.327543	lane[1]$_SDFFE_PP0P_/Q	o_phy_idelay_data_cntvaluein[4]	_43586_|_43587_|_43591_|lane[1]$_SDFFE_PP0P_|output2034|place12558|place15047|place15049|place15062
-0.327543	lane[1]$_SDFFE_PP0P_/Q	o_phy_idelay_data_cntvaluein[4]	_43586_|_43587_|_43591_|lane[1]$_SDFFE_PP0P_|output2034|place12558|place15047|place15049|place15062
-0.327542	lane[1]$_SDFFE_PP0P_/Q	o_phy_idelay_data_cntvaluein[4]	_43586_|_43587_|_43591_|lane[1]$_SDFFE_PP0P_|output2034|place12558|place15047|place15049|place15062
-0.327542	lane[1]$_SDFFE_PP0P_/Q	o_phy_idelay_data_cntvaluein[4]	_43586_|_43587_|_43591_|lane[1]$_SDFFE_PP0P_|output2034|place12558|place15047|place15049|place15062
-0.327386	index_wb_data$_SDFFE_PP0P_/Q	o_wb_data[57]	_42702_|index_wb_data$_SDFFE_PP0P_|place14478|place14479|place15121|place15123|place15138|place7057|rebuffer15859|rebuffer16465
-0.327227	lane[1]$_SDFFE_PP0P_/Q	o_phy_idelay_data_cntvaluein[2]	_43192_|_43193_|_43194_|lane[1]$_SDFFE_PP0P_|output2032|place12604|place15047|place15049|place15062
-0.327228	lane[1]$_SDFFE_PP0P_/Q	o_phy_idelay_data_cntvaluein[2]	_43192_|_43193_|_43194_|lane[1]$_SDFFE_PP0P_|output2032|place12604|place15047|place15049|place15062
-0.327226	lane[1]$_SDFFE_PP0P_/Q	o_phy_idelay_data_cntvaluein[2]	_43192_|_43193_|_43194_|lane[1]$_SDFFE_PP0P_|output2032|place12604|place15047|place15049|place15062
-0.327226	lane[1]$_SDFFE_PP0P_/Q	o_phy_idelay_data_cntvaluein[2]	_43192_|_43193_|_43194_|lane[1]$_SDFFE_PP0P_|output2032|place12604|place15047|place15049|place15062
-0.327100	lane[1]$_SDFFE_PP0P_/Q	o_phy_idelay_data_cntvaluein[1]	_43196_|_43197_|_43201_|lane[1]$_SDFFE_PP0P_|output2031|place12603|place15052|place15062
-0.327099	lane[1]$_SDFFE_PP0P_/Q	o_phy_idelay_data_cntvaluein[1]	_43196_|_43197_|_43201_|lane[1]$_SDFFE_PP0P_|output2031|place12603|place15052|place15062
-0.327098	lane[1]$_SDFFE_PP0P_/Q	o_phy_idelay_data_cntvaluein[1]	_43196_|_43197_|_43201_|lane[1]$_SDFFE_PP0P_|output2031|place12603|place15052|place15062
-0.327098	lane[1]$_SDFFE_PP0P_/Q	o_phy_idelay_data_cntvaluein[1]	_43196_|_43197_|_43201_|lane[1]$_SDFFE_PP0P_|output2031|place12603|place15052|place15062
-0.326358	lane[1]$_SDFFE_PP0P_/Q	o_phy_idelay_data_cntvaluein[4]	_43588_|_43590_|_43591_|lane[1]$_SDFFE_PP0P_|output2034|place12558|place15047|place15049|place15062
-0.326358	lane[1]$_SDFFE_PP0P_/Q	o_phy_idelay_data_cntvaluein[4]	_43588_|_43590_|_43591_|lane[1]$_SDFFE_PP0P_|output2034|place12558|place15047|place15049|place15062
-0.326356	lane[1]$_SDFFE_PP0P_/Q	o_phy_idelay_data_cntvaluein[4]	_43588_|_43590_|_43591_|lane[1]$_SDFFE_PP0P_|output2034|place12558|place15047|place15049|place15062
-0.326356	lane[1]$_SDFFE_PP0P_/Q	o_phy_idelay_data_cntvaluein[4]	_43588_|_43590_|_43591_|lane[1]$_SDFFE_PP0P_|output2034|place12558|place15047|place15049|place15062
-0.326041	lane[1]$_SDFFE_PP0P_/Q	o_phy_idelay_data_cntvaluein[1]	_43199_|_43200_|_43201_|lane[1]$_SDFFE_PP0P_|output2031|place12603|place15052|place15062
-0.326041	lane[1]$_SDFFE_PP0P_/Q	o_phy_idelay_data_cntvaluein[1]	_43199_|_43200_|_43201_|lane[1]$_SDFFE_PP0P_|output2031|place12603|place15052|place15062
-0.326040	lane[1]$_SDFFE_PP0P_/Q	o_phy_idelay_data_cntvaluein[1]	_43199_|_43200_|_43201_|lane[1]$_SDFFE_PP0P_|output2031|place12603|place15052|place15062
-0.326040	lane[1]$_SDFFE_PP0P_/Q	o_phy_idelay_data_cntvaluein[1]	_43199_|_43200_|_43201_|lane[1]$_SDFFE_PP0P_|output2031|place12603|place15052|place15062
-0.326010	lane[1]$_SDFFE_PP0P_/Q	o_phy_idelay_data_cntvaluein[4]	_43585_|_43587_|_43591_|lane[1]$_SDFFE_PP0P_|output2034|place12558|place15047|place15049|place15062
-0.326009	lane[1]$_SDFFE_PP0P_/Q	o_phy_idelay_data_cntvaluein[4]	_43585_|_43587_|_43591_|lane[1]$_SDFFE_PP0P_|output2034|place12558|place15047|place15049|place15062
-0.326009	lane[1]$_SDFFE_PP0P_/Q	o_phy_idelay_data_cntvaluein[4]	_43585_|_43587_|_43591_|lane[1]$_SDFFE_PP0P_|output2034|place12558|place15047|place15049|place15062
-0.326008	lane[1]$_SDFFE_PP0P_/Q	o_phy_idelay_data_cntvaluein[4]	_43585_|_43587_|_43591_|lane[1]$_SDFFE_PP0P_|output2034|place12558|place15047|place15049|place15062
-0.325985	lane[1]$_SDFFE_PP0P_/Q	o_phy_odelay_dqs_cntvaluein[3]	_43183_|_43185_|_43187_|lane[1]$_SDFFE_PP0P_|output2072|place15047|place15049|place15062
-0.325984	lane[1]$_SDFFE_PP0P_/Q	o_phy_odelay_dqs_cntvaluein[3]	_43183_|_43185_|_43187_|lane[1]$_SDFFE_PP0P_|output2072|place15047|place15049|place15062
-0.325984	lane[1]$_SDFFE_PP0P_/Q	o_phy_odelay_dqs_cntvaluein[3]	_43183_|_43185_|_43187_|lane[1]$_SDFFE_PP0P_|output2072|place15047|place15049|place15062
-0.325983	lane[1]$_SDFFE_PP0P_/Q	o_phy_odelay_dqs_cntvaluein[3]	_43183_|_43185_|_43187_|lane[1]$_SDFFE_PP0P_|output2072|place15047|place15049|place15062
-0.325648	index_wb_data$_SDFFE_PP0P_/Q	o_wb_data[250]	_42906_|index_wb_data$_SDFFE_PP0P_|output2253|place14240|place15121|place15123|place15138|rebuffer15859|rebuffer16465
-0.325472	lane[1]$_SDFFE_PP0P_/Q	o_phy_odelay_dqs_cntvaluein[0]	_43231_|_43233_|_43234_|clone15530|lane[1]$_SDFFE_PP0P_|output2069|place15049|place15062
-0.325471	lane[1]$_SDFFE_PP0P_/Q	o_phy_odelay_dqs_cntvaluein[0]	_43231_|_43233_|_43234_|clone15530|lane[1]$_SDFFE_PP0P_|output2069|place15049|place15062
-0.325471	lane[1]$_SDFFE_PP0P_/Q	o_phy_odelay_dqs_cntvaluein[0]	_43231_|_43233_|_43234_|clone15530|lane[1]$_SDFFE_PP0P_|output2069|place15049|place15062
-0.325470	lane[1]$_SDFFE_PP0P_/Q	o_phy_odelay_dqs_cntvaluein[0]	_43231_|_43233_|_43234_|clone15530|lane[1]$_SDFFE_PP0P_|output2069|place15049|place15062
-0.325332	index_wb_data$_SDFFE_PP0P_/Q	o_wb_data[48]	_42691_|index_wb_data$_SDFFE_PP0P_|place14488|place14489|place15116|place15117|place15138|place7079|rebuffer15858|rebuffer15859|rebuffer16465
-0.325307	lane[1]$_SDFFE_PP0P_/Q	o_phy_idelay_data_cntvaluein[1]	_43198_|_43200_|_43201_|lane[1]$_SDFFE_PP0P_|output2031|place12603|place15052|place15062
-0.325307	lane[1]$_SDFFE_PP0P_/Q	o_phy_idelay_data_cntvaluein[1]	_43198_|_43200_|_43201_|lane[1]$_SDFFE_PP0P_|output2031|place12603|place15052|place15062
-0.325306	lane[1]$_SDFFE_PP0P_/Q	o_phy_idelay_data_cntvaluein[1]	_43198_|_43200_|_43201_|lane[1]$_SDFFE_PP0P_|output2031|place12603|place15052|place15062
-0.325306	lane[1]$_SDFFE_PP0P_/Q	o_phy_idelay_data_cntvaluein[1]	_43198_|_43200_|_43201_|lane[1]$_SDFFE_PP0P_|output2031|place12603|place15052|place15062
-0.325290	lane[1]$_SDFFE_PP0P_/Q	o_phy_idelay_dqs_cntvaluein[0]	_43564_|_43565_|_43569_|lane[1]$_SDFFE_PP0P_|output2043|place15050|place15052|place15062
-0.325290	lane[1]$_SDFFE_PP0P_/Q	o_phy_idelay_dqs_cntvaluein[0]	_43564_|_43565_|_43569_|lane[1]$_SDFFE_PP0P_|output2043|place15050|place15052|place15062
-0.325289	lane[1]$_SDFFE_PP0P_/Q	o_phy_idelay_dqs_cntvaluein[0]	_43564_|_43565_|_43569_|lane[1]$_SDFFE_PP0P_|output2043|place15050|place15052|place15062
-0.325289	lane[1]$_SDFFE_PP0P_/Q	o_phy_idelay_dqs_cntvaluein[0]	_43564_|_43565_|_43569_|lane[1]$_SDFFE_PP0P_|output2043|place15050|place15052|place15062
-0.325254	lane[1]$_SDFFE_PP0P_/Q	o_phy_odelay_dqs_cntvaluein[3]	_43180_|_43182_|_43187_|lane[1]$_SDFFE_PP0P_|output2072|place15046
-0.325253	lane[1]$_SDFFE_PP0P_/Q	o_phy_odelay_dqs_cntvaluein[3]	_43180_|_43182_|_43187_|lane[1]$_SDFFE_PP0P_|output2072|place15046
-0.325253	lane[1]$_SDFFE_PP0P_/Q	o_phy_odelay_dqs_cntvaluein[3]	_43180_|_43182_|_43187_|lane[1]$_SDFFE_PP0P_|output2072|place15046
-0.325252	lane[1]$_SDFFE_PP0P_/Q	o_phy_odelay_dqs_cntvaluein[3]	_43180_|_43182_|_43187_|lane[1]$_SDFFE_PP0P_|output2072|place15046
-0.324986	lane[1]$_SDFFE_PP0P_/Q	o_phy_idelay_data_cntvaluein[2]	_43191_|_43193_|_43194_|lane[1]$_SDFFE_PP0P_|output2032|place12604|place15047|place15049|place15062
-0.324986	lane[1]$_SDFFE_PP0P_/Q	o_phy_idelay_data_cntvaluein[2]	_43191_|_43193_|_43194_|lane[1]$_SDFFE_PP0P_|output2032|place12604|place15047|place15049|place15062
-0.324985	lane[1]$_SDFFE_PP0P_/Q	o_phy_idelay_data_cntvaluein[2]	_43191_|_43193_|_43194_|lane[1]$_SDFFE_PP0P_|output2032|place12604|place15047|place15049|place15062
-0.324985	lane[1]$_SDFFE_PP0P_/Q	o_phy_idelay_data_cntvaluein[2]	_43191_|_43193_|_43194_|lane[1]$_SDFFE_PP0P_|output2032|place12604|place15047|place15049|place15062
-0.324416	lane[1]$_SDFFE_PP0P_/Q	o_phy_odelay_dqs_cntvaluein[3]	_43177_|_43182_|_43187_|lane[1]$_SDFFE_PP0P_|output2072|place15046
-0.324415	lane[1]$_SDFFE_PP0P_/Q	o_phy_odelay_dqs_cntvaluein[3]	_43177_|_43182_|_43187_|lane[1]$_SDFFE_PP0P_|output2072|place15046
-0.324415	lane[1]$_SDFFE_PP0P_/Q	o_phy_odelay_dqs_cntvaluein[3]	_43177_|_43182_|_43187_|lane[1]$_SDFFE_PP0P_|output2072|place15046
-0.324414	lane[1]$_SDFFE_PP0P_/Q	o_phy_odelay_dqs_cntvaluein[3]	_43177_|_43182_|_43187_|lane[1]$_SDFFE_PP0P_|output2072|place15046
-0.324395	lane[1]$_SDFFE_PP0P_/Q	o_phy_idelay_dqs_cntvaluein[0]	_43566_|_43568_|_43569_|lane[1]$_SDFFE_PP0P_|output2043|place15050|place15052|place15062
-0.324395	lane[1]$_SDFFE_PP0P_/Q	o_phy_idelay_dqs_cntvaluein[0]	_43566_|_43568_|_43569_|lane[1]$_SDFFE_PP0P_|output2043|place15050|place15052|place15062
-0.324393	lane[1]$_SDFFE_PP0P_/Q	o_phy_idelay_dqs_cntvaluein[0]	_43566_|_43568_|_43569_|lane[1]$_SDFFE_PP0P_|output2043|place15050|place15052|place15062
-0.324394	lane[1]$_SDFFE_PP0P_/Q	o_phy_idelay_dqs_cntvaluein[0]	_43566_|_43568_|_43569_|lane[1]$_SDFFE_PP0P_|output2043|place15050|place15052|place15062
-0.324336	index_wb_data$_SDFFE_PP0P_/Q	o_wb_data[88]	_42739_|clone16100|index_wb_data$_SDFFE_PP0P_|output2584|place14438|place14439|place15127|rebuffer15893|rebuffer16466
-0.324133	lane[1]$_SDFFE_PP0P_/Q	o_phy_idelay_data_cntvaluein[2]	_43189_|_43190_|_43194_|lane[1]$_SDFFE_PP0P_|output2032|place12604|place15047|place15049|place15062
-0.324133	lane[1]$_SDFFE_PP0P_/Q	o_phy_idelay_data_cntvaluein[2]	_43189_|_43190_|_43194_|lane[1]$_SDFFE_PP0P_|output2032|place12604|place15047|place15049|place15062
-0.324132	lane[1]$_SDFFE_PP0P_/Q	o_phy_idelay_data_cntvaluein[2]	_43189_|_43190_|_43194_|lane[1]$_SDFFE_PP0P_|output2032|place12604|place15047|place15049|place15062
-0.324131	lane[1]$_SDFFE_PP0P_/Q	o_phy_idelay_data_cntvaluein[2]	_43189_|_43190_|_43194_|lane[1]$_SDFFE_PP0P_|output2032|place12604|place15047|place15049|place15062
-0.324011	index_wb_data$_SDFFE_PP0P_/Q	o_wb_data[11]	_42634_|clone16100|index_wb_data$_SDFFE_PP0P_|output2108|place14531|place15132|place15133|place15134|rebuffer15893|rebuffer16466
-0.323690	index_wb_data$_SDFFE_PP0P_/Q	o_wb_data[405]	_43064_|index_wb_data$_SDFFE_PP0P_|output2425|place14066|place15097|place15098|place15138|rebuffer15656|rebuffer16163|rebuffer16465
-0.323617	lane[1]$_SDFFE_PP0P_/Q	o_phy_odelay_dqs_cntvaluein[0]	_43232_|_43233_|_43234_|clone15530|lane[1]$_SDFFE_PP0P_|output2069|place15049|place15062
-0.323616	lane[1]$_SDFFE_PP0P_/Q	o_phy_odelay_dqs_cntvaluein[0]	_43232_|_43233_|_43234_|clone15530|lane[1]$_SDFFE_PP0P_|output2069|place15049|place15062
-0.323616	lane[1]$_SDFFE_PP0P_/Q	o_phy_odelay_dqs_cntvaluein[0]	_43232_|_43233_|_43234_|clone15530|lane[1]$_SDFFE_PP0P_|output2069|place15049|place15062
-0.323615	lane[1]$_SDFFE_PP0P_/Q	o_phy_odelay_dqs_cntvaluein[0]	_43232_|_43233_|_43234_|clone15530|lane[1]$_SDFFE_PP0P_|output2069|place15049|place15062
-0.323500	lane[1]$_SDFFE_PP0P_/Q	o_phy_idelay_data_cntvaluein[2]	_43188_|_43190_|_43194_|lane[1]$_SDFFE_PP0P_|output2032|place12604|place15047|place15049|place15062
-0.323500	lane[1]$_SDFFE_PP0P_/Q	o_phy_idelay_data_cntvaluein[2]	_43188_|_43190_|_43194_|lane[1]$_SDFFE_PP0P_|output2032|place12604|place15047|place15049|place15062
-0.323499	lane[1]$_SDFFE_PP0P_/Q	o_phy_idelay_data_cntvaluein[2]	_43188_|_43190_|_43194_|lane[1]$_SDFFE_PP0P_|output2032|place12604|place15047|place15049|place15062
-0.323499	lane[1]$_SDFFE_PP0P_/Q	o_phy_idelay_data_cntvaluein[2]	_43188_|_43190_|_43194_|lane[1]$_SDFFE_PP0P_|output2032|place12604|place15047|place15049|place15062
-0.323241	lane[1]$_SDFFE_PP0P_/Q	o_phy_idelay_dqs_cntvaluein[0]	_43563_|_43565_|_43569_|lane[1]$_SDFFE_PP0P_|output2043|place15050|place15052|place15062
-0.323240	lane[1]$_SDFFE_PP0P_/Q	o_phy_idelay_dqs_cntvaluein[0]	_43563_|_43565_|_43569_|lane[1]$_SDFFE_PP0P_|output2043|place15050|place15052|place15062
-0.323240	lane[1]$_SDFFE_PP0P_/Q	o_phy_idelay_dqs_cntvaluein[0]	_43563_|_43565_|_43569_|lane[1]$_SDFFE_PP0P_|output2043|place15050|place15052|place15062
-0.323239	lane[1]$_SDFFE_PP0P_/Q	o_phy_idelay_dqs_cntvaluein[0]	_43563_|_43565_|_43569_|lane[1]$_SDFFE_PP0P_|output2043|place15050|place15052|place15062
-0.323043	lane[1]$_SDFFE_PP0P_/Q	o_phy_idelay_data_cntvaluein[0]	_43298_|_43300_|_43304_|lane[1]$_SDFFE_PP0P_|output2030|place12594|place15052|place15062
-0.323043	lane[1]$_SDFFE_PP0P_/Q	o_phy_idelay_data_cntvaluein[0]	_43298_|_43300_|_43304_|lane[1]$_SDFFE_PP0P_|output2030|place12594|place15052|place15062
-0.323042	lane[1]$_SDFFE_PP0P_/Q	o_phy_idelay_data_cntvaluein[0]	_43298_|_43300_|_43304_|lane[1]$_SDFFE_PP0P_|output2030|place12594|place15052|place15062
-0.323042	lane[1]$_SDFFE_PP0P_/Q	o_phy_idelay_data_cntvaluein[0]	_43298_|_43300_|_43304_|lane[1]$_SDFFE_PP0P_|output2030|place12594|place15052|place15062
-0.322937	index_wb_data$_SDFFE_PP0P_/Q	o_wb_data[54]	_42699_|index_wb_data$_SDFFE_PP0P_|place14482|place15122|place15123|place15138|place7060|rebuffer15859|rebuffer16465
-0.322698	lane[1]$_SDFFE_PP0P_/Q	o_phy_idelay_data_cntvaluein[0]	_43299_|_43300_|_43304_|lane[1]$_SDFFE_PP0P_|output2030|place12594|place15052|place15062
-0.322697	lane[1]$_SDFFE_PP0P_/Q	o_phy_idelay_data_cntvaluein[0]	_43299_|_43300_|_43304_|lane[1]$_SDFFE_PP0P_|output2030|place12594|place15052|place15062
-0.322697	lane[1]$_SDFFE_PP0P_/Q	o_phy_idelay_data_cntvaluein[0]	_43299_|_43300_|_43304_|lane[1]$_SDFFE_PP0P_|output2030|place12594|place15052|place15062
-0.322696	lane[1]$_SDFFE_PP0P_/Q	o_phy_idelay_data_cntvaluein[0]	_43299_|_43300_|_43304_|lane[1]$_SDFFE_PP0P_|output2030|place12594|place15052|place15062
-0.322687	lane[1]$_SDFFE_PP0P_/Q	o_phy_idelay_dqs_cntvaluein[0]	_43567_|_43568_|_43569_|lane[1]$_SDFFE_PP0P_|output2043|place15050|place15052|place15062
-0.322687	lane[1]$_SDFFE_PP0P_/Q	o_phy_idelay_dqs_cntvaluein[0]	_43567_|_43568_|_43569_|lane[1]$_SDFFE_PP0P_|output2043|place15050|place15052|place15062
-0.322686	lane[1]$_SDFFE_PP0P_/Q	o_phy_idelay_dqs_cntvaluein[0]	_43567_|_43568_|_43569_|lane[1]$_SDFFE_PP0P_|output2043|place15050|place15052|place15062
-0.322686	lane[1]$_SDFFE_PP0P_/Q	o_phy_idelay_dqs_cntvaluein[0]	_43567_|_43568_|_43569_|lane[1]$_SDFFE_PP0P_|output2043|place15050|place15052|place15062
-0.322654	index_wb_data$_SDFFE_PP0P_/Q	o_wb_data[107]	_42758_|index_wb_data$_SDFFE_PP0P_|output2094|place14415|place15153|place15157|place15158|rebuffer15516|rebuffer16234|rebuffer16469
-0.322444	lane[1]$_SDFFE_PP0P_/Q	o_phy_idelay_dqs_cntvaluein[2]	_43527_|_43528_|_43532_|lane[1]$_SDFFE_PP0P_|output2045|place15053|place15054|place15062
-0.322443	lane[1]$_SDFFE_PP0P_/Q	o_phy_idelay_dqs_cntvaluein[2]	_43527_|_43528_|_43532_|lane[1]$_SDFFE_PP0P_|output2045|place15053|place15054|place15062
-0.322443	lane[1]$_SDFFE_PP0P_/Q	o_phy_idelay_dqs_cntvaluein[2]	_43527_|_43528_|_43532_|lane[1]$_SDFFE_PP0P_|output2045|place15053|place15054|place15062
-0.322442	lane[1]$_SDFFE_PP0P_/Q	o_phy_idelay_dqs_cntvaluein[2]	_43527_|_43528_|_43532_|lane[1]$_SDFFE_PP0P_|output2045|place15053|place15054|place15062
-0.322271	index_wb_data$_SDFFE_PP0P_/Q	o_wb_data[46]	_42689_|clone16100|index_wb_data$_SDFFE_PP0P_|output2496|place14491|place15124|place15125|rebuffer16099|rebuffer16466
-0.322266	index_wb_data$_SDFFE_PP0P_/Q	o_wb_data[424]	_43083_|index_wb_data$_SDFFE_PP0P_|output2446|place14042|place15097|place15098|place15138|rebuffer15656|rebuffer16163|rebuffer16465
-0.322179	index_wb_data$_SDFFE_PP0P_/Q	o_wb_data[384]	_43040_|clone16684|index_wb_data$_SDFFE_PP0P_|place14088|place14089|place15118|place15138|place7131|rebuffer15859|rebuffer16465
-0.322063	lane[1]$_SDFFE_PP0P_/Q	o_phy_odelay_dqs_cntvaluein[3]	_43184_|_43185_|_43187_|lane[1]$_SDFFE_PP0P_|output2072|place15059|place15062
-0.322062	lane[1]$_SDFFE_PP0P_/Q	o_phy_odelay_dqs_cntvaluein[3]	_43184_|_43185_|_43187_|lane[1]$_SDFFE_PP0P_|output2072|place15059|place15062
-0.322062	lane[1]$_SDFFE_PP0P_/Q	o_phy_odelay_dqs_cntvaluein[3]	_43184_|_43185_|_43187_|lane[1]$_SDFFE_PP0P_|output2072|place15059|place15062
-0.322061	lane[1]$_SDFFE_PP0P_/Q	o_phy_odelay_dqs_cntvaluein[3]	_43184_|_43185_|_43187_|lane[1]$_SDFFE_PP0P_|output2072|place15059|place15062
-0.322051	index_wb_data$_SDFFE_PP0P_/Q	o_wb_data[70]	_42719_|clone16100|index_wb_data$_SDFFE_PP0P_|output2565|place14460|place14461|place15127|rebuffer15893|rebuffer16466
-0.321858	lane[1]$_SDFFE_PP0P_/Q	o_phy_idelay_dqs_cntvaluein[2]	_43526_|_43528_|_43532_|lane[1]$_SDFFE_PP0P_|output2045|place15053|place15054|place15062
-0.321857	lane[1]$_SDFFE_PP0P_/Q	o_phy_idelay_dqs_cntvaluein[2]	_43526_|_43528_|_43532_|lane[1]$_SDFFE_PP0P_|output2045|place15053|place15054|place15062
-0.321857	lane[1]$_SDFFE_PP0P_/Q	o_phy_idelay_dqs_cntvaluein[2]	_43526_|_43528_|_43532_|lane[1]$_SDFFE_PP0P_|output2045|place15053|place15054|place15062
-0.321856	lane[1]$_SDFFE_PP0P_/Q	o_phy_idelay_dqs_cntvaluein[2]	_43526_|_43528_|_43532_|lane[1]$_SDFFE_PP0P_|output2045|place15053|place15054|place15062
-0.321627	index_wb_data$_SDFFE_PP0P_/Q	o_wb_data[313]	_42969_|index_wb_data$_SDFFE_PP0P_|output2323|place14169|place14170|place15112|place15138|rebuffer15892|rebuffer16465|rebuffer16609
-0.321339	index_wb_data$_SDFFE_PP0P_/Q	o_wb_data[378]	_43034_|clone16208|index_wb_data$_SDFFE_PP0P_|place14096|place15138|place7134|rebuffer15858|rebuffer15859|rebuffer16465
-0.320920	index_wb_data$_SDFFE_PP0P_/Q	o_wb_data[199]	_42855_|clone16100|index_wb_data$_SDFFE_PP0P_|output2195|place14300|place14301|place15124|place15125|rebuffer16099|rebuffer16466
-0.320898	index_wb_data$_SDFFE_PP0P_/Q	o_wb_data[61]	_42706_|clone16100|index_wb_data$_SDFFE_PP0P_|output2555|place14473|place14474|place15135|rebuffer15893|rebuffer16466
-0.320806	index_wb_data$_SDFFE_PP0P_/Q	o_wb_data[380]	_43036_|clone16684|index_wb_data$_SDFFE_PP0P_|place14093|place15118|place15138|place7132|rebuffer15859|rebuffer16465
-0.320641	lane[1]$_SDFFE_PP0P_/Q	o_phy_idelay_dqs_cntvaluein[4]	_43603_|_43604_|_43605_|clone15530|lane[1]$_SDFFE_PP0P_|output2047|place15049|place15062
-0.320640	lane[1]$_SDFFE_PP0P_/Q	o_phy_idelay_dqs_cntvaluein[4]	_43603_|_43604_|_43605_|clone15530|lane[1]$_SDFFE_PP0P_|output2047|place15049|place15062
-0.320640	lane[1]$_SDFFE_PP0P_/Q	o_phy_idelay_dqs_cntvaluein[4]	_43603_|_43604_|_43605_|clone15530|lane[1]$_SDFFE_PP0P_|output2047|place15049|place15062
-0.320640	lane[1]$_SDFFE_PP0P_/Q	o_phy_idelay_dqs_cntvaluein[4]	_43603_|_43604_|_43605_|clone15530|lane[1]$_SDFFE_PP0P_|output2047|place15049|place15062
-0.320619	index_wb_data$_SDFFE_PP0P_/Q	o_wb_data[96]	_42747_|clone16100|index_wb_data$_SDFFE_PP0P_|place14429|place15124|place15125|place7048|rebuffer16099|rebuffer16466
-0.320200	lane[1]$_SDFFE_PP0P_/Q	o_phy_odelay_data_cntvaluein[1]	_43328_|_43330_|_43331_|clone15530|lane[1]$_SDFFE_PP0P_|output2057|place15049|place15062
-0.320200	lane[1]$_SDFFE_PP0P_/Q	o_phy_odelay_data_cntvaluein[1]	_43328_|_43330_|_43331_|clone15530|lane[1]$_SDFFE_PP0P_|output2057|place15049|place15062
-0.320200	lane[1]$_SDFFE_PP0P_/Q	o_phy_odelay_data_cntvaluein[1]	_43328_|_43330_|_43331_|clone15530|lane[1]$_SDFFE_PP0P_|output2057|place15049|place15062
-0.320200	lane[1]$_SDFFE_PP0P_/Q	o_phy_odelay_data_cntvaluein[1]	_43328_|_43330_|_43331_|clone15530|lane[1]$_SDFFE_PP0P_|output2057|place15049|place15062
-0.319826	lane[1]$_SDFFE_PP0P_/Q	o_phy_odelay_dqs_cntvaluein[2]	_43270_|_43271_|_43272_|lane[1]$_SDFFE_PP0P_|output2071|place15059|place15062
-0.319825	lane[1]$_SDFFE_PP0P_/Q	o_phy_odelay_dqs_cntvaluein[2]	_43270_|_43271_|_43272_|lane[1]$_SDFFE_PP0P_|output2071|place15059|place15062
-0.319825	lane[1]$_SDFFE_PP0P_/Q	o_phy_odelay_dqs_cntvaluein[2]	_43270_|_43271_|_43272_|lane[1]$_SDFFE_PP0P_|output2071|place15059|place15062
-0.319824	lane[1]$_SDFFE_PP0P_/Q	o_phy_odelay_dqs_cntvaluein[2]	_43270_|_43271_|_43272_|lane[1]$_SDFFE_PP0P_|output2071|place15059|place15062
-0.319739	lane[1]$_SDFFE_PP0P_/Q	o_phy_idelay_dqs_cntvaluein[3]	_43552_|_43553_|_43554_|clone15530|lane[1]$_SDFFE_PP0P_|output2046|place15049|place15062
-0.319739	lane[1]$_SDFFE_PP0P_/Q	o_phy_idelay_dqs_cntvaluein[3]	_43552_|_43553_|_43554_|clone15530|lane[1]$_SDFFE_PP0P_|output2046|place15049|place15062
-0.319738	lane[1]$_SDFFE_PP0P_/Q	o_phy_idelay_dqs_cntvaluein[3]	_43552_|_43553_|_43554_|clone15530|lane[1]$_SDFFE_PP0P_|output2046|place15049|place15062
-0.319738	lane[1]$_SDFFE_PP0P_/Q	o_phy_idelay_dqs_cntvaluein[3]	_43552_|_43553_|_43554_|clone15530|lane[1]$_SDFFE_PP0P_|output2046|place15049|place15062
-0.319664	index_wb_data$_SDFFE_PP0P_/Q	o_wb_data[398]	_43057_|index_wb_data$_SDFFE_PP0P_|output2416|place14074|place15109|place15138|rebuffer15892|rebuffer16465
-0.319562	lane[1]$_SDFFE_PP0P_/Q	o_phy_odelay_dqs_cntvaluein[2]	_43269_|_43271_|_43272_|lane[1]$_SDFFE_PP0P_|output2071|place15059|place15062
-0.319562	lane[1]$_SDFFE_PP0P_/Q	o_phy_odelay_dqs_cntvaluein[2]	_43269_|_43271_|_43272_|lane[1]$_SDFFE_PP0P_|output2071|place15059|place15062
-0.319561	lane[1]$_SDFFE_PP0P_/Q	o_phy_odelay_dqs_cntvaluein[2]	_43269_|_43271_|_43272_|lane[1]$_SDFFE_PP0P_|output2071|place15059|place15062
-0.319560	lane[1]$_SDFFE_PP0P_/Q	o_phy_odelay_dqs_cntvaluein[2]	_43269_|_43271_|_43272_|lane[1]$_SDFFE_PP0P_|output2071|place15059|place15062
-0.319546	index_wb_data$_SDFFE_PP0P_/Q	o_wb_data[499]	_43164_|index_wb_data$_SDFFE_PP0P_|place13958|place15108|place15138|place7073|rebuffer15654|rebuffer16248|rebuffer16465|split
-0.319528	lane[1]$_SDFFE_PP0P_/Q	o_phy_idelay_data_cntvaluein[0]	_43301_|_43303_|_43304_|lane[1]$_SDFFE_PP0P_|output2030|place12594|place15052|place15062
-0.319528	lane[1]$_SDFFE_PP0P_/Q	o_phy_idelay_data_cntvaluein[0]	_43301_|_43303_|_43304_|lane[1]$_SDFFE_PP0P_|output2030|place12594|place15052|place15062
-0.319527	lane[1]$_SDFFE_PP0P_/Q	o_phy_idelay_data_cntvaluein[0]	_43301_|_43303_|_43304_|lane[1]$_SDFFE_PP0P_|output2030|place12594|place15052|place15062
-0.319526	lane[1]$_SDFFE_PP0P_/Q	o_phy_idelay_data_cntvaluein[0]	_43301_|_43303_|_43304_|lane[1]$_SDFFE_PP0P_|output2030|place12594|place15052|place15062
-0.319448	lane[1]$_SDFFE_PP0P_/Q	o_phy_idelay_dqs_cntvaluein[4]	_43602_|_43604_|_43605_|clone15530|lane[1]$_SDFFE_PP0P_|output2047|place15049|place15062
-0.319448	lane[1]$_SDFFE_PP0P_/Q	o_phy_idelay_dqs_cntvaluein[4]	_43602_|_43604_|_43605_|clone15530|lane[1]$_SDFFE_PP0P_|output2047|place15049|place15062
-0.319447	lane[1]$_SDFFE_PP0P_/Q	o_phy_idelay_dqs_cntvaluein[4]	_43602_|_43604_|_43605_|clone15530|lane[1]$_SDFFE_PP0P_|output2047|place15049|place15062
-0.319447	lane[1]$_SDFFE_PP0P_/Q	o_phy_idelay_dqs_cntvaluein[4]	_43602_|_43604_|_43605_|clone15530|lane[1]$_SDFFE_PP0P_|output2047|place15049|place15062
-0.319339	index_wb_data$_SDFFE_PP0P_/Q	o_wb_data[437]	_43097_|_43098_|_43099_|index_wb_data$_SDFFE_PP0P_|output2460|place11703|place15109|place15138|rebuffer15892|rebuffer16465|rebuffer16491
-0.319288	lane[1]$_SDFFE_PP0P_/Q	o_phy_idelay_data_cntvaluein[0]	_43302_|_43303_|_43304_|lane[1]$_SDFFE_PP0P_|output2030|place12594|place15052|place15062
-0.319288	lane[1]$_SDFFE_PP0P_/Q	o_phy_idelay_data_cntvaluein[0]	_43302_|_43303_|_43304_|lane[1]$_SDFFE_PP0P_|output2030|place12594|place15052|place15062
-0.319287	lane[1]$_SDFFE_PP0P_/Q	o_phy_idelay_data_cntvaluein[0]	_43302_|_43303_|_43304_|lane[1]$_SDFFE_PP0P_|output2030|place12594|place15052|place15062
-0.319287	lane[1]$_SDFFE_PP0P_/Q	o_phy_idelay_data_cntvaluein[0]	_43302_|_43303_|_43304_|lane[1]$_SDFFE_PP0P_|output2030|place12594|place15052|place15062
-0.319285	lane[1]$_SDFFE_PP0P_/Q	o_phy_idelay_dqs_cntvaluein[4]	_43600_|_43601_|_43605_|lane[1]$_SDFFE_PP0P_|output2047|place15050|place15052|place15062
-0.319284	lane[1]$_SDFFE_PP0P_/Q	o_phy_idelay_dqs_cntvaluein[4]	_43600_|_43601_|_43605_|lane[1]$_SDFFE_PP0P_|output2047|place15050|place15052|place15062
-0.319284	lane[1]$_SDFFE_PP0P_/Q	o_phy_idelay_dqs_cntvaluein[4]	_43600_|_43601_|_43605_|lane[1]$_SDFFE_PP0P_|output2047|place15050|place15052|place15062
-0.319283	lane[1]$_SDFFE_PP0P_/Q	o_phy_idelay_dqs_cntvaluein[4]	_43600_|_43601_|_43605_|lane[1]$_SDFFE_PP0P_|output2047|place15050|place15052|place15062
-0.319168	index_wb_data$_SDFFE_PP0P_/Q	o_wb_data[477]	_43139_|index_wb_data$_SDFFE_PP0P_|place13237|place13981|place15108|place15138|rebuffer15654|rebuffer16248|rebuffer16465|split
-0.319152	lane[1]$_SDFFE_PP0P_/Q	o_phy_odelay_data_cntvaluein[1]	_43329_|_43330_|_43331_|clone15530|lane[1]$_SDFFE_PP0P_|output2057|place15049|place15062
-0.319152	lane[1]$_SDFFE_PP0P_/Q	o_phy_odelay_data_cntvaluein[1]	_43329_|_43330_|_43331_|clone15530|lane[1]$_SDFFE_PP0P_|output2057|place15049|place15062
-0.319152	lane[1]$_SDFFE_PP0P_/Q	o_phy_odelay_data_cntvaluein[1]	_43329_|_43330_|_43331_|clone15530|lane[1]$_SDFFE_PP0P_|output2057|place15049|place15062
-0.319152	lane[1]$_SDFFE_PP0P_/Q	o_phy_odelay_data_cntvaluein[1]	_43329_|_43330_|_43331_|clone15530|lane[1]$_SDFFE_PP0P_|output2057|place15049|place15062
-0.319091	index_wb_data$_SDFFE_PP0P_/Q	o_wb_data[101]	_42752_|index_wb_data$_SDFFE_PP0P_|output2088|place14421|place15110|place15112|place15138|rebuffer15892|rebuffer16465|rebuffer16675
-0.319072	index_wb_data$_SDFFE_PP0P_/Q	o_wb_data[342]	_42998_|index_wb_data$_SDFFE_PP0P_|output2355|place14136|place15103|place15104|place15138|rebuffer15656|rebuffer16163|rebuffer16465
-0.319064	index_wb_data$_SDFFE_PP0P_/Q	o_wb_data[454]	_43116_|index_wb_data$_SDFFE_PP0P_|place14010|place15109|place15138|place7104|rebuffer15892|rebuffer16465
-0.319061	lane[1]$_SDFFE_PP0P_/Q	o_phy_odelay_data_cntvaluein[0]	_43276_|_43278_|_43279_|lane[1]$_SDFFE_PP0P_|output2056|place15048|place15049|place15062
-0.319062	lane[1]$_SDFFE_PP0P_/Q	o_phy_odelay_data_cntvaluein[0]	_43276_|_43278_|_43279_|lane[1]$_SDFFE_PP0P_|output2056|place15048|place15049|place15062
-0.319061	lane[1]$_SDFFE_PP0P_/Q	o_phy_odelay_data_cntvaluein[0]	_43276_|_43278_|_43279_|lane[1]$_SDFFE_PP0P_|output2056|place15048|place15049|place15062
-0.319061	lane[1]$_SDFFE_PP0P_/Q	o_phy_odelay_data_cntvaluein[0]	_43276_|_43278_|_43279_|lane[1]$_SDFFE_PP0P_|output2056|place15048|place15049|place15062
-0.319001	index_wb_data$_SDFFE_PP0P_/Q	o_wb_data[121]	_42773_|index_wb_data$_SDFFE_PP0P_|output2110|place14396|place15123|place15138|rebuffer15859|rebuffer16399|rebuffer16465
-0.318963	index_wb_data$_SDFFE_PP0P_/Q	o_wb_data[379]	_43035_|index_wb_data$_SDFFE_PP0P_|place13242|place14094|place15116|place15117|place15138|rebuffer15858|rebuffer15859|rebuffer16465
-0.318860	index_wb_data$_SDFFE_PP0P_/Q	o_wb_data[340]	_42996_|index_wb_data$_SDFFE_PP0P_|place13244|place14138|place15108|place15138|rebuffer15654|rebuffer16248|rebuffer16465|split
-0.318839	index_wb_data$_SDFFE_PP0P_/Q	o_wb_data[120]	_42772_|index_wb_data$_SDFFE_PP0P_|output2109|place14397|place14398|place15121|place15123|place15138|rebuffer15859|rebuffer16465
-0.318729	index_wb_data$_SDFFE_PP0P_/Q	o_wb_data[325]	_42981_|clone16132|index_wb_data$_SDFFE_PP0P_|output2336|place14155|place15138|rebuffer15892|rebuffer16465
-0.318685	index_wb_data$_SDFFE_PP0P_/Q	o_wb_data[67]	_42714_|clone16100|index_wb_data$_SDFFE_PP0P_|place14464|place14465|place15131|place7054|rebuffer15893|rebuffer16466
-0.318524	lane[1]$_SDFFE_PP0P_/Q	o_phy_idelay_dqs_cntvaluein[4]	_43599_|_43601_|_43605_|lane[1]$_SDFFE_PP0P_|output2047|place15050|place15052|place15062
-0.318524	lane[1]$_SDFFE_PP0P_/Q	o_phy_idelay_dqs_cntvaluein[4]	_43599_|_43601_|_43605_|lane[1]$_SDFFE_PP0P_|output2047|place15050|place15052|place15062
-0.318523	lane[1]$_SDFFE_PP0P_/Q	o_phy_idelay_dqs_cntvaluein[4]	_43599_|_43601_|_43605_|lane[1]$_SDFFE_PP0P_|output2047|place15050|place15052|place15062
-0.318523	lane[1]$_SDFFE_PP0P_/Q	o_phy_idelay_dqs_cntvaluein[4]	_43599_|_43601_|_43605_|lane[1]$_SDFFE_PP0P_|output2047|place15050|place15052|place15062
-0.318337	lane[1]$_SDFFE_PP0P_/Q	o_phy_idelay_dqs_cntvaluein[3]	_43551_|_43553_|_43554_|clone15530|lane[1]$_SDFFE_PP0P_|output2046|place15049|place15062
-0.318337	lane[1]$_SDFFE_PP0P_/Q	o_phy_idelay_dqs_cntvaluein[3]	_43551_|_43553_|_43554_|clone15530|lane[1]$_SDFFE_PP0P_|output2046|place15049|place15062
-0.318336	lane[1]$_SDFFE_PP0P_/Q	o_phy_idelay_dqs_cntvaluein[3]	_43551_|_43553_|_43554_|clone15530|lane[1]$_SDFFE_PP0P_|output2046|place15049|place15062
-0.318336	lane[1]$_SDFFE_PP0P_/Q	o_phy_idelay_dqs_cntvaluein[3]	_43551_|_43553_|_43554_|clone15530|lane[1]$_SDFFE_PP0P_|output2046|place15049|place15062
-0.318147	lane[1]$_SDFFE_PP0P_/Q	o_phy_odelay_data_cntvaluein[0]	_43277_|_43278_|_43279_|lane[1]$_SDFFE_PP0P_|output2056|place15048|place15049|place15062
-0.318146	lane[1]$_SDFFE_PP0P_/Q	o_phy_odelay_data_cntvaluein[0]	_43277_|_43278_|_43279_|lane[1]$_SDFFE_PP0P_|output2056|place15048|place15049|place15062
-0.318146	lane[1]$_SDFFE_PP0P_/Q	o_phy_odelay_data_cntvaluein[0]	_43277_|_43278_|_43279_|lane[1]$_SDFFE_PP0P_|output2056|place15048|place15049|place15062
-0.318146	lane[1]$_SDFFE_PP0P_/Q	o_phy_odelay_data_cntvaluein[0]	_43277_|_43278_|_43279_|lane[1]$_SDFFE_PP0P_|output2056|place15048|place15049|place15062
-0.318100	index_wb_data$_SDFFE_PP0P_/Q	o_wb_data[43]	_42684_|clone16100|index_wb_data$_SDFFE_PP0P_|place14495|place15124|place15125|place7119|rebuffer16099|rebuffer16466
-0.318032	index_wb_data$_SDFFE_PP0P_/Q	o_wb_data[44]	_42685_|index_wb_data$_SDFFE_PP0P_|place14493|place15110|place15112|place15138|place7109|rebuffer15892|rebuffer16465
-0.317948	index_wb_data$_SDFFE_PP0P_/Q	o_wb_data[432]	_43091_|index_wb_data$_SDFFE_PP0P_|place14034|place15109|place15138|place7120|rebuffer15892|rebuffer16465
-0.317896	index_wb_data$_SDFFE_PP0P_/Q	o_wb_data[476]	_43138_|index_wb_data$_SDFFE_PP0P_|output2503|place13982|place15096|place15138|rebuffer15654|rebuffer16248|rebuffer16465
-0.317843	lane[1]$_SDFFE_PP0P_/Q	o_phy_odelay_dqs_cntvaluein[0]	_43229_|_43230_|_43234_|lane[1]$_SDFFE_PP0P_|output2069|place15048|place15049|place15062
-0.317842	lane[1]$_SDFFE_PP0P_/Q	o_phy_odelay_dqs_cntvaluein[0]	_43229_|_43230_|_43234_|lane[1]$_SDFFE_PP0P_|output2069|place15048|place15049|place15062
-0.317842	lane[1]$_SDFFE_PP0P_/Q	o_phy_odelay_dqs_cntvaluein[0]	_43229_|_43230_|_43234_|lane[1]$_SDFFE_PP0P_|output2069|place15048|place15049|place15062
-0.317841	lane[1]$_SDFFE_PP0P_/Q	o_phy_odelay_dqs_cntvaluein[0]	_43229_|_43230_|_43234_|lane[1]$_SDFFE_PP0P_|output2069|place15048|place15049|place15062
-0.317671	index_wb_data$_SDFFE_PP0P_/Q	o_wb_data[180]	_42835_|index_wb_data$_SDFFE_PP0P_|output2175|place14326|place15152|place15153|place15157|place15158|rebuffer15516|rebuffer16104|rebuffer16469
-0.317549	index_wb_data$_SDFFE_PP0P_/Q	o_wb_data[62]	_42708_|index_wb_data$_SDFFE_PP0P_|output2556|place14471|place14472|place15121|place15123|place15138|rebuffer15859|rebuffer16465
-0.317498	index_wb_data$_SDFFE_PP0P_/Q	o_wb_data[40]	_42679_|clone16208|index_wb_data$_SDFFE_PP0P_|output2430|place14499|place15138|rebuffer15858|rebuffer15859|rebuffer16465
-0.317497	index_wb_data$_SDFFE_PP0P_/Q	o_wb_data[259]	_42915_|clone16114|index_wb_data$_SDFFE_PP0P_|output2262|place14230|place15138|rebuffer15892|rebuffer16465
-0.317465	lane[1]$_SDFFE_PP0P_/Q	o_phy_odelay_dqs_cntvaluein[0]	_43228_|_43230_|_43234_|lane[1]$_SDFFE_PP0P_|output2069|place15048|place15049|place15062
-0.317464	lane[1]$_SDFFE_PP0P_/Q	o_phy_odelay_dqs_cntvaluein[0]	_43228_|_43230_|_43234_|lane[1]$_SDFFE_PP0P_|output2069|place15048|place15049|place15062
-0.317464	lane[1]$_SDFFE_PP0P_/Q	o_phy_odelay_dqs_cntvaluein[0]	_43228_|_43230_|_43234_|lane[1]$_SDFFE_PP0P_|output2069|place15048|place15049|place15062
-0.317463	lane[1]$_SDFFE_PP0P_/Q	o_phy_odelay_dqs_cntvaluein[0]	_43228_|_43230_|_43234_|lane[1]$_SDFFE_PP0P_|output2069|place15048|place15049|place15062
-0.317340	index_wb_data$_SDFFE_PP0P_/Q	o_wb_data[368]	_43024_|index_wb_data$_SDFFE_PP0P_|output2383|place14108|place15101|place15102|place15138|rebuffer16465
-0.317317	index_wb_data$_SDFFE_PP0P_/Q	o_wb_data[489]	_43154_|index_wb_data$_SDFFE_PP0P_|place13968|place15109|place15138|place7080|rebuffer15892|rebuffer16465
-0.317298	index_wb_data$_SDFFE_PP0P_/Q	o_wb_data[330]	_42986_|clone16132|index_wb_data$_SDFFE_PP0P_|output2342|place14149|place15138|rebuffer15892|rebuffer16465
-0.317059	index_wb_data$_SDFFE_PP0P_/Q	o_wb_data[118]	_42770_|index_wb_data$_SDFFE_PP0P_|output2106|place14401|place15152|place15153|place15157|place15158|rebuffer15516|rebuffer16469|rebuffer16597
-0.317031	index_wb_data$_SDFFE_PP0P_/Q	o_wb_data[483]	_43145_|index_wb_data$_SDFFE_PP0P_|place13245|place13975|place15108|place15138|rebuffer15654|rebuffer16248|rebuffer16465|split
-0.317024	index_wb_data$_SDFFE_PP0P_/Q	o_wb_data[404]	_43063_|index_wb_data$_SDFFE_PP0P_|output2424|place14067|place15097|place15098|place15138|rebuffer15656|rebuffer16163|rebuffer16465
-0.317011	index_wb_data$_SDFFE_PP0P_/Q	o_wb_data[368]	_43024_|index_wb_data$_SDFFE_PP0P_|output2383|place14108|place15101|place15102|place15138|rebuffer16465
-0.316960	index_wb_data$_SDFFE_PP0P_/Q	o_wb_data[203]	_42859_|index_wb_data$_SDFFE_PP0P_|output2201|place14296|place15111|place15112|place15138|rebuffer15892|rebuffer16465
-0.316818	index_wb_data$_SDFFE_PP0P_/Q	o_wb_data[511]	_43570_|clone15916|index_wb_data$_SDFFE_PP0P_|place13921|place15138|place7062|rebuffer15858|rebuffer15859|rebuffer16465
-0.316773	index_wb_data$_SDFFE_PP0P_/Q	o_wb_data[502]	_43167_|clone16208|index_wb_data$_SDFFE_PP0P_|place13955|place15138|place7070|rebuffer15858|rebuffer15859|rebuffer16465
-0.316742	index_wb_data$_SDFFE_PP0P_/Q	o_wb_data[291]	_42947_|clone16132|index_wb_data$_SDFFE_PP0P_|output2298|place14196|place15138|rebuffer15892|rebuffer16465
-0.316590	index_wb_data$_SDFFE_PP0P_/Q	o_wb_data[458]	_43120_|clone16208|index_wb_data$_SDFFE_PP0P_|place14005|place15138|place7100|rebuffer15858|rebuffer15859|rebuffer16465
-0.316472	index_wb_data$_SDFFE_PP0P_/Q	o_wb_data[348]	_43004_|index_wb_data$_SDFFE_PP0P_|output2361|place14130|place15104|place15138|rebuffer15656|rebuffer16138|rebuffer16163|rebuffer16465
-0.316421	index_wb_data$_SDFFE_PP0P_/Q	o_wb_data[187]	_42843_|index_wb_data$_SDFFE_PP0P_|output2182|place14315|place15120|place15123|place15138|rebuffer15859|rebuffer16399|rebuffer16465
-0.316200	index_wb_data$_SDFFE_PP0P_/Q	o_wb_data[40]	_42679_|clone16208|index_wb_data$_SDFFE_PP0P_|output2430|place14499|place15138|rebuffer15858|rebuffer15859|rebuffer16465
-0.316172	index_wb_data$_SDFFE_PP0P_/Q	o_wb_data[126]	_42778_|index_wb_data$_SDFFE_PP0P_|output2115|place14391|place15121|place15123|place15138|rebuffer15859|rebuffer16465
-0.316116	index_wb_data$_SDFFE_PP0P_/Q	o_wb_data[408]	_43067_|index_wb_data$_SDFFE_PP0P_|output2428|place14063|place15101|place15102|place15138|rebuffer16465
-0.316106	index_wb_data$_SDFFE_PP0P_/Q	o_wb_data[36]	_42675_|index_wb_data$_SDFFE_PP0P_|place14503|place15110|place15112|place15138|place7137|rebuffer15892|rebuffer16465
-0.315880	index_wb_data$_SDFFE_PP0P_/Q	o_wb_data[456]	_43118_|index_wb_data$_SDFFE_PP0P_|place14008|place15116|place15117|place15138|place7102|rebuffer15858|rebuffer15859|rebuffer16465
-0.315859	index_wb_data$_SDFFE_PP0P_/Q	o_wb_data[92]	_42743_|clone16100|index_wb_data$_SDFFE_PP0P_|output2589|place14434|place15132|place15133|place15134|rebuffer15893|rebuffer16466
-0.315822	index_wb_data$_SDFFE_PP0P_/Q	o_wb_data[316]	_42972_|clone16132|index_wb_data$_SDFFE_PP0P_|output2326|place14165|place15138|rebuffer15892|rebuffer16465
-0.315817	index_wb_data$_SDFFE_PP0P_/Q	o_wb_data[143]	_42797_|index_wb_data$_SDFFE_PP0P_|output2134|place14371|place15113|place15138|rebuffer15892|rebuffer16465
-0.315740	lane[1]$_SDFFE_PP0P_/Q	o_phy_odelay_data_cntvaluein[2]	_43322_|_43323_|_43324_|lane[1]$_SDFFE_PP0P_|output2058|place15059|place15062
-0.315740	lane[1]$_SDFFE_PP0P_/Q	o_phy_odelay_data_cntvaluein[2]	_43322_|_43323_|_43324_|lane[1]$_SDFFE_PP0P_|output2058|place15059|place15062
-0.315740	lane[1]$_SDFFE_PP0P_/Q	o_phy_odelay_data_cntvaluein[2]	_43322_|_43323_|_43324_|lane[1]$_SDFFE_PP0P_|output2058|place15059|place15062
-0.315740	lane[1]$_SDFFE_PP0P_/Q	o_phy_odelay_data_cntvaluein[2]	_43322_|_43323_|_43324_|lane[1]$_SDFFE_PP0P_|output2058|place15059|place15062
-0.315715	lane[1]$_SDFFE_PP0P_/Q	o_phy_idelay_dqs_cntvaluein[1]	_43560_|_43561_|_43562_|lane[1]$_SDFFE_PP0P_|output2044|place15050|place15052|place15062
-0.315714	lane[1]$_SDFFE_PP0P_/Q	o_phy_idelay_dqs_cntvaluein[1]	_43560_|_43561_|_43562_|lane[1]$_SDFFE_PP0P_|output2044|place15050|place15052|place15062
-0.315714	lane[1]$_SDFFE_PP0P_/Q	o_phy_idelay_dqs_cntvaluein[1]	_43560_|_43561_|_43562_|lane[1]$_SDFFE_PP0P_|output2044|place15050|place15052|place15062
-0.315713	lane[1]$_SDFFE_PP0P_/Q	o_phy_idelay_dqs_cntvaluein[1]	_43560_|_43561_|_43562_|lane[1]$_SDFFE_PP0P_|output2044|place15050|place15052|place15062
-0.315668	lane[1]$_SDFFE_PP0P_/Q	o_phy_idelay_dqs_cntvaluein[3]	_43549_|_43550_|_43554_|clone15530|lane[1]$_SDFFE_PP0P_|output2046|place15049|place15062
-0.315668	lane[1]$_SDFFE_PP0P_/Q	o_phy_idelay_dqs_cntvaluein[3]	_43549_|_43550_|_43554_|clone15530|lane[1]$_SDFFE_PP0P_|output2046|place15049|place15062
-0.315667	lane[1]$_SDFFE_PP0P_/Q	o_phy_idelay_dqs_cntvaluein[3]	_43549_|_43550_|_43554_|clone15530|lane[1]$_SDFFE_PP0P_|output2046|place15049|place15062
-0.315666	lane[1]$_SDFFE_PP0P_/Q	o_phy_idelay_dqs_cntvaluein[3]	_43549_|_43550_|_43554_|clone15530|lane[1]$_SDFFE_PP0P_|output2046|place15049|place15062
-0.315636	index_wb_data$_SDFFE_PP0P_/Q	o_wb_data[53]	_42698_|index_wb_data$_SDFFE_PP0P_|place14483|place15122|place15123|place15138|place7061|rebuffer15859|rebuffer16465
-0.315629	index_wb_data$_SDFFE_PP0P_/Q	o_wb_data[185]	_42841_|index_wb_data$_SDFFE_PP0P_|output2180|place14317|place15119|place15123|place15138|rebuffer15859|rebuffer16465
-0.315593	lane[1]$_SDFFE_PP0P_/Q	o_phy_idelay_dqs_cntvaluein[2]	_43530_|_43531_|_43532_|lane[1]$_SDFFE_PP0P_|output2045|place15050|place15052|place15062
-0.315592	lane[1]$_SDFFE_PP0P_/Q	o_phy_idelay_dqs_cntvaluein[2]	_43530_|_43531_|_43532_|lane[1]$_SDFFE_PP0P_|output2045|place15050|place15052|place15062
-0.315592	lane[1]$_SDFFE_PP0P_/Q	o_phy_idelay_dqs_cntvaluein[2]	_43530_|_43531_|_43532_|lane[1]$_SDFFE_PP0P_|output2045|place15050|place15052|place15062
-0.315591	lane[1]$_SDFFE_PP0P_/Q	o_phy_idelay_dqs_cntvaluein[2]	_43530_|_43531_|_43532_|lane[1]$_SDFFE_PP0P_|output2045|place15050|place15052|place15062
-0.315587	index_wb_data$_SDFFE_PP0P_/Q	o_wb_data[39]	_42678_|clone16132|index_wb_data$_SDFFE_PP0P_|place14500|place15138|place7126|rebuffer15892|rebuffer16465
-0.315554	index_wb_data$_SDFFE_PP0P_/Q	o_wb_data[33]	_42672_|index_wb_data$_SDFFE_PP0P_|place14507|place15112|place15138|place7139|rebuffer15892|rebuffer16465|rebuffer16609
-0.315466	index_wb_data$_SDFFE_PP0P_/Q	o_wb_data[386]	_43045_|clone16114|index_wb_data$_SDFFE_PP0P_|output2403|place14087|place15138|rebuffer15892|rebuffer16465
-0.315444	index_wb_data$_SDFFE_PP0P_/Q	o_wb_data[189]	_42845_|index_wb_data$_SDFFE_PP0P_|output2184|place14313|place15120|place15123|place15138|rebuffer15859|rebuffer16399|rebuffer16465
-0.315430	index_wb_data$_SDFFE_PP0P_/Q	o_wb_data[398]	_43057_|index_wb_data$_SDFFE_PP0P_|output2416|place14074|place15109|place15138|rebuffer15892|rebuffer16465
-0.315414	lane[1]$_SDFFE_PP0P_/Q	o_phy_odelay_data_cntvaluein[2]	_43321_|_43323_|_43324_|lane[1]$_SDFFE_PP0P_|output2058|place15059|place15062
-0.315414	lane[1]$_SDFFE_PP0P_/Q	o_phy_odelay_data_cntvaluein[2]	_43321_|_43323_|_43324_|lane[1]$_SDFFE_PP0P_|output2058|place15059|place15062
-0.315413	lane[1]$_SDFFE_PP0P_/Q	o_phy_odelay_data_cntvaluein[2]	_43321_|_43323_|_43324_|lane[1]$_SDFFE_PP0P_|output2058|place15059|place15062
-0.315413	lane[1]$_SDFFE_PP0P_/Q	o_phy_odelay_data_cntvaluein[2]	_43321_|_43323_|_43324_|lane[1]$_SDFFE_PP0P_|output2058|place15059|place15062
-0.315385	lane[1]$_SDFFE_PP0P_/Q	o_phy_idelay_dqs_cntvaluein[1]	_43559_|_43561_|_43562_|lane[1]$_SDFFE_PP0P_|output2044|place15050|place15052|place15062
-0.315384	lane[1]$_SDFFE_PP0P_/Q	o_phy_idelay_dqs_cntvaluein[1]	_43559_|_43561_|_43562_|lane[1]$_SDFFE_PP0P_|output2044|place15050|place15052|place15062
-0.315384	lane[1]$_SDFFE_PP0P_/Q	o_phy_idelay_dqs_cntvaluein[1]	_43559_|_43561_|_43562_|lane[1]$_SDFFE_PP0P_|output2044|place15050|place15052|place15062
-0.315383	lane[1]$_SDFFE_PP0P_/Q	o_phy_idelay_dqs_cntvaluein[1]	_43559_|_43561_|_43562_|lane[1]$_SDFFE_PP0P_|output2044|place15050|place15052|place15062
-0.315324	index_wb_data$_SDFFE_PP0P_/Q	o_wb_data[358]	_43014_|index_wb_data$_SDFFE_PP0P_|output2372|place14117|place15108|place15138|rebuffer15654|rebuffer16248|rebuffer16465
-0.315146	lane[1]$_SDFFE_PP0P_/Q	o_phy_odelay_data_cntvaluein[4]	_43596_|_43597_|_43598_|lane[1]$_SDFFE_PP0P_|output2060|place15051|place15052|place15062
-0.315145	lane[1]$_SDFFE_PP0P_/Q	o_phy_odelay_data_cntvaluein[4]	_43596_|_43597_|_43598_|lane[1]$_SDFFE_PP0P_|output2060|place15051|place15052|place15062
-0.315144	lane[1]$_SDFFE_PP0P_/Q	o_phy_odelay_data_cntvaluein[4]	_43596_|_43597_|_43598_|lane[1]$_SDFFE_PP0P_|output2060|place15051|place15052|place15062
-0.315144	lane[1]$_SDFFE_PP0P_/Q	o_phy_odelay_data_cntvaluein[4]	_43596_|_43597_|_43598_|lane[1]$_SDFFE_PP0P_|output2060|place15051|place15052|place15062
-0.315061	lane[1]$_SDFFE_PP0P_/Q	o_phy_odelay_data_cntvaluein[3]	_43262_|_43264_|_43265_|lane[1]$_SDFFE_PP0P_|output2059|place15059|place15062
-0.315060	lane[1]$_SDFFE_PP0P_/Q	o_phy_odelay_data_cntvaluein[3]	_43262_|_43264_|_43265_|lane[1]$_SDFFE_PP0P_|output2059|place15059|place15062
-0.315060	lane[1]$_SDFFE_PP0P_/Q	o_phy_odelay_data_cntvaluein[3]	_43262_|_43264_|_43265_|lane[1]$_SDFFE_PP0P_|output2059|place15059|place15062
-0.315059	lane[1]$_SDFFE_PP0P_/Q	o_phy_odelay_data_cntvaluein[3]	_43262_|_43264_|_43265_|lane[1]$_SDFFE_PP0P_|output2059|place15059|place15062
-0.315026	lane[1]$_SDFFE_PP0P_/Q	o_phy_idelay_dqs_cntvaluein[3]	_43548_|_43550_|_43554_|clone15530|lane[1]$_SDFFE_PP0P_|output2046|place15049|place15062
-0.315025	lane[1]$_SDFFE_PP0P_/Q	o_phy_idelay_dqs_cntvaluein[3]	_43548_|_43550_|_43554_|clone15530|lane[1]$_SDFFE_PP0P_|output2046|place15049|place15062
-0.315025	lane[1]$_SDFFE_PP0P_/Q	o_phy_idelay_dqs_cntvaluein[3]	_43548_|_43550_|_43554_|clone15530|lane[1]$_SDFFE_PP0P_|output2046|place15049|place15062
-0.315024	lane[1]$_SDFFE_PP0P_/Q	o_phy_idelay_dqs_cntvaluein[3]	_43548_|_43550_|_43554_|clone15530|lane[1]$_SDFFE_PP0P_|output2046|place15049|place15062
-0.314980	index_wb_data$_SDFFE_PP0P_/Q	o_wb_data[37]	_42676_|index_wb_data$_SDFFE_PP0P_|place14502|place15122|place15123|place15138|place7133|rebuffer15859|rebuffer16465
-0.314865	lane[1]$_SDFFE_PP0P_/Q	o_phy_odelay_data_cntvaluein[4]	_43593_|_43594_|_43598_|lane[1]$_SDFFE_PP0P_|output2060|place15051|place15052|place15062
-0.314864	lane[1]$_SDFFE_PP0P_/Q	o_phy_odelay_data_cntvaluein[4]	_43593_|_43594_|_43598_|lane[1]$_SDFFE_PP0P_|output2060|place15051|place15052|place15062
-0.314864	lane[1]$_SDFFE_PP0P_/Q	o_phy_odelay_data_cntvaluein[4]	_43593_|_43594_|_43598_|lane[1]$_SDFFE_PP0P_|output2060|place15051|place15052|place15062
-0.314863	lane[1]$_SDFFE_PP0P_/Q	o_phy_odelay_data_cntvaluein[4]	_43593_|_43594_|_43598_|lane[1]$_SDFFE_PP0P_|output2060|place15051|place15052|place15062
-0.314837	index_wb_data$_SDFFE_PP0P_/Q	o_wb_data[49]	_42692_|clone16100|index_wb_data$_SDFFE_PP0P_|output2529|place14487|place15127|rebuffer15893|rebuffer16466
-0.314836	lane[1]$_SDFFE_PP0P_/Q	o_phy_idelay_dqs_cntvaluein[1]	_43556_|_43558_|_43562_|lane[1]$_SDFFE_PP0P_|output2044|place15050|place15052|place15062
-0.314835	lane[1]$_SDFFE_PP0P_/Q	o_phy_idelay_dqs_cntvaluein[1]	_43556_|_43558_|_43562_|lane[1]$_SDFFE_PP0P_|output2044|place15050|place15052|place15062
-0.314835	lane[1]$_SDFFE_PP0P_/Q	o_phy_idelay_dqs_cntvaluein[1]	_43556_|_43558_|_43562_|lane[1]$_SDFFE_PP0P_|output2044|place15050|place15052|place15062
-0.314834	lane[1]$_SDFFE_PP0P_/Q	o_phy_idelay_dqs_cntvaluein[1]	_43556_|_43558_|_43562_|lane[1]$_SDFFE_PP0P_|output2044|place15050|place15052|place15062
-0.314830	index_wb_data$_SDFFE_PP0P_/Q	o_wb_data[91]	_42742_|clone16100|index_wb_data$_SDFFE_PP0P_|output2588|place14435|place15133|place15134|rebuffer15893|rebuffer16466
-0.314823	index_wb_data$_SDFFE_PP0P_/Q	o_wb_data[285]	_42941_|index_wb_data$_SDFFE_PP0P_|output2291|place14203|place15146|place15158|rebuffer15516|rebuffer16467
-0.314762	lane[1]$_SDFFE_PP0P_/Q	o_phy_idelay_dqs_cntvaluein[1]	_43557_|_43558_|_43562_|lane[1]$_SDFFE_PP0P_|output2044|place15050|place15052|place15062
-0.314761	lane[1]$_SDFFE_PP0P_/Q	o_phy_idelay_dqs_cntvaluein[1]	_43557_|_43558_|_43562_|lane[1]$_SDFFE_PP0P_|output2044|place15050|place15052|place15062
-0.314761	lane[1]$_SDFFE_PP0P_/Q	o_phy_idelay_dqs_cntvaluein[1]	_43557_|_43558_|_43562_|lane[1]$_SDFFE_PP0P_|output2044|place15050|place15052|place15062
-0.314760	lane[1]$_SDFFE_PP0P_/Q	o_phy_idelay_dqs_cntvaluein[1]	_43557_|_43558_|_43562_|lane[1]$_SDFFE_PP0P_|output2044|place15050|place15052|place15062
-0.314671	index_wb_data$_SDFFE_PP0P_/Q	o_wb_data[493]	_43158_|index_wb_data$_SDFFE_PP0P_|place13964|place15101|place15102|place15138|place7076|rebuffer16465
-0.314663	lane[1]$_SDFFE_PP0P_/Q	o_phy_odelay_dqs_cntvaluein[2]	_43267_|_43268_|_43272_|lane[1]$_SDFFE_PP0P_|output2071|place15059|place15062
-0.314662	lane[1]$_SDFFE_PP0P_/Q	o_phy_odelay_dqs_cntvaluein[2]	_43267_|_43268_|_43272_|lane[1]$_SDFFE_PP0P_|output2071|place15059|place15062
-0.314662	lane[1]$_SDFFE_PP0P_/Q	o_phy_odelay_dqs_cntvaluein[2]	_43267_|_43268_|_43272_|lane[1]$_SDFFE_PP0P_|output2071|place15059|place15062
-0.314661	lane[1]$_SDFFE_PP0P_/Q	o_phy_odelay_dqs_cntvaluein[2]	_43267_|_43268_|_43272_|lane[1]$_SDFFE_PP0P_|output2071|place15059|place15062
-0.314631	index_wb_data$_SDFFE_PP0P_/Q	o_wb_data[448]	_43110_|clone15916|index_wb_data$_SDFFE_PP0P_|place14017|place15138|place7111|rebuffer15858|rebuffer15859|rebuffer16465
-0.314533	index_wb_data$_SDFFE_PP0P_/Q	o_wb_data[508]	_43173_|clone16684|index_wb_data$_SDFFE_PP0P_|place13946|place13947|place15138|place7065|rebuffer15859|rebuffer16465
-0.314437	index_wb_data$_SDFFE_PP0P_/Q	o_wb_data[184]	_42840_|index_wb_data$_SDFFE_PP0P_|output2179|place14318|place14319|place15119|place15123|place15138|rebuffer15859|rebuffer16465
-0.314427	index_wb_data$_SDFFE_PP0P_/Q	o_wb_data[195]	_42851_|clone16100|index_wb_data$_SDFFE_PP0P_|output2191|place14305|place15124|place15125|rebuffer16099|rebuffer16466
-0.314417	lane[1]$_SDFFE_PP0P_/Q	o_phy_idelay_data_cntvaluein[3]	_43575_|_43576_|_43577_|clone15530|lane[1]$_SDFFE_PP0P_|output2033|place15049|place15062
-0.314416	lane[1]$_SDFFE_PP0P_/Q	o_phy_idelay_data_cntvaluein[3]	_43575_|_43576_|_43577_|clone15530|lane[1]$_SDFFE_PP0P_|output2033|place15049|place15062
-0.314415	lane[1]$_SDFFE_PP0P_/Q	o_phy_idelay_data_cntvaluein[3]	_43575_|_43576_|_43577_|clone15530|lane[1]$_SDFFE_PP0P_|output2033|place15049|place15062
-0.314415	lane[1]$_SDFFE_PP0P_/Q	o_phy_idelay_data_cntvaluein[3]	_43575_|_43576_|_43577_|clone15530|lane[1]$_SDFFE_PP0P_|output2033|place15049|place15062
-0.314413	index_wb_data$_SDFFE_PP0P_/Q	o_wb_data[90]	_42741_|clone16100|index_wb_data$_SDFFE_PP0P_|output2587|place14436|place15133|place15134|rebuffer15893|rebuffer16466
-0.314347	index_wb_data$_SDFFE_PP0P_/Q	o_wb_data[482]	_43144_|index_wb_data$_SDFFE_PP0P_|output2510|place13976|place15108|place15138|rebuffer15654|rebuffer16248|rebuffer16465
-0.314307	index_wb_data$_SDFFE_PP0P_/Q	o_wb_data[505]	_43170_|clone16684|index_wb_data$_SDFFE_PP0P_|place13951|place15138|place7068|rebuffer15859|rebuffer16404|rebuffer16465
-0.314230	lane[1]$_SDFFE_PP0P_/Q	o_phy_odelay_data_cntvaluein[3]	_43263_|_43264_|_43265_|lane[1]$_SDFFE_PP0P_|output2059|place15059|place15062
-0.314229	lane[1]$_SDFFE_PP0P_/Q	o_phy_odelay_data_cntvaluein[3]	_43263_|_43264_|_43265_|lane[1]$_SDFFE_PP0P_|output2059|place15059|place15062
-0.314229	lane[1]$_SDFFE_PP0P_/Q	o_phy_odelay_data_cntvaluein[3]	_43263_|_43264_|_43265_|lane[1]$_SDFFE_PP0P_|output2059|place15059|place15062
-0.314228	lane[1]$_SDFFE_PP0P_/Q	o_phy_odelay_data_cntvaluein[3]	_43263_|_43264_|_43265_|lane[1]$_SDFFE_PP0P_|output2059|place15059|place15062
-0.314160	lane[1]$_SDFFE_PP0P_/Q	o_phy_idelay_dqs_cntvaluein[2]	_43529_|_43531_|_43532_|lane[1]$_SDFFE_PP0P_|output2045|place15050|place15052|place15062
-0.314159	lane[1]$_SDFFE_PP0P_/Q	o_phy_idelay_dqs_cntvaluein[2]	_43529_|_43531_|_43532_|lane[1]$_SDFFE_PP0P_|output2045|place15050|place15052|place15062
-0.314159	lane[1]$_SDFFE_PP0P_/Q	o_phy_idelay_dqs_cntvaluein[2]	_43529_|_43531_|_43532_|lane[1]$_SDFFE_PP0P_|output2045|place15050|place15052|place15062
-0.314158	lane[1]$_SDFFE_PP0P_/Q	o_phy_idelay_dqs_cntvaluein[2]	_43529_|_43531_|_43532_|lane[1]$_SDFFE_PP0P_|output2045|place15050|place15052|place15062
-0.314158	index_wb_data$_SDFFE_PP0P_/Q	o_wb_data[428]	_43087_|index_wb_data$_SDFFE_PP0P_|place14038|place15103|place15104|place15138|place7124|rebuffer15656|rebuffer16163|rebuffer16465
-0.313994	index_wb_data$_SDFFE_PP0P_/Q	o_wb_data[433]	_43092_|index_wb_data$_SDFFE_PP0P_|output2456|place14033|place15096|place15138|rebuffer15654|rebuffer16248|rebuffer16465
-0.313971	index_wb_data$_SDFFE_PP0P_/Q	o_wb_data[464]	_43126_|index_wb_data$_SDFFE_PP0P_|output2490|place13997|place15096|place15138|rebuffer15654|rebuffer16248|rebuffer16465
-0.313944	index_wb_data$_SDFFE_PP0P_/Q	o_wb_data[361]	_43017_|index_wb_data$_SDFFE_PP0P_|output2376|place14114|place15101|place15102|place15138|rebuffer16465
-0.313942	index_wb_data$_SDFFE_PP0P_/Q	o_wb_data[437]	_43097_|_43098_|_43099_|index_wb_data$_SDFFE_PP0P_|output2460|place11703|place15109|place15138|rebuffer15892|rebuffer16465|rebuffer16491
-0.313885	index_wb_data$_SDFFE_PP0P_/Q	o_wb_data[491]	_43156_|index_wb_data$_SDFFE_PP0P_|output2520|place13966|place15104|place15138|rebuffer15656|rebuffer16163|rebuffer16465
-0.313799	lane[1]$_SDFFE_PP0P_/Q	o_phy_odelay_dqs_cntvaluein[2]	_43266_|_43268_|_43272_|lane[1]$_SDFFE_PP0P_|output2071|place15059|place15062
-0.313798	lane[1]$_SDFFE_PP0P_/Q	o_phy_odelay_dqs_cntvaluein[2]	_43266_|_43268_|_43272_|lane[1]$_SDFFE_PP0P_|output2071|place15059|place15062
-0.313798	lane[1]$_SDFFE_PP0P_/Q	o_phy_odelay_dqs_cntvaluein[2]	_43266_|_43268_|_43272_|lane[1]$_SDFFE_PP0P_|output2071|place15059|place15062
-0.313797	lane[1]$_SDFFE_PP0P_/Q	o_phy_odelay_dqs_cntvaluein[2]	_43266_|_43268_|_43272_|lane[1]$_SDFFE_PP0P_|output2071|place15059|place15062
-0.313770	index_wb_data$_SDFFE_PP0P_/Q	o_wb_data[435]	_43094_|index_wb_data$_SDFFE_PP0P_|output2458|place14031|place15096|place15138|rebuffer15654|rebuffer16248|rebuffer16465
-0.313728	lane[1]$_SDFFE_PP0P_/Q	o_phy_odelay_dqs_cntvaluein[1]	_43285_|_43287_|_43289_|lane[1]$_SDFFE_PP0P_|output2070|place15048|place15049|place15062
-0.313727	lane[1]$_SDFFE_PP0P_/Q	o_phy_odelay_dqs_cntvaluein[1]	_43285_|_43287_|_43289_|lane[1]$_SDFFE_PP0P_|output2070|place15048|place15049|place15062
-0.313727	lane[1]$_SDFFE_PP0P_/Q	o_phy_odelay_dqs_cntvaluein[1]	_43285_|_43287_|_43289_|lane[1]$_SDFFE_PP0P_|output2070|place15048|place15049|place15062
-0.313726	lane[1]$_SDFFE_PP0P_/Q	o_phy_odelay_dqs_cntvaluein[1]	_43285_|_43287_|_43289_|lane[1]$_SDFFE_PP0P_|output2070|place15048|place15049|place15062
-0.313724	index_wb_data$_SDFFE_PP0P_/Q	o_wb_data[355]	_43011_|index_wb_data$_SDFFE_PP0P_|output2369|place14120|place15100|place15102|place15138|rebuffer16465
-0.313704	index_wb_data$_SDFFE_PP0P_/Q	o_wb_data[93]	_42744_|clone16100|index_wb_data$_SDFFE_PP0P_|output2590|place14432|place14433|place15124|place15125|rebuffer16099|rebuffer16466
-0.313679	index_wb_data$_SDFFE_PP0P_/Q	o_wb_data[509]	_43174_|index_wb_data$_SDFFE_PP0P_|place13945|place15123|place15138|place7064|rebuffer15859|rebuffer16403|rebuffer16465
-0.313660	index_wb_data$_SDFFE_PP0P_/Q	o_wb_data[351]	_43007_|index_wb_data$_SDFFE_PP0P_|output2365|place14127|place15104|place15138|rebuffer15656|rebuffer16140|rebuffer16163|rebuffer16465
-0.313624	index_wb_data$_SDFFE_PP0P_/Q	o_wb_data[327]	_42983_|clone16318|index_wb_data$_SDFFE_PP0P_|output2338|place14152|place14153|place15138|rebuffer15892|rebuffer16465
-0.313509	lane[1]$_SDFFE_PP0P_/Q	o_phy_odelay_dqs_cntvaluein[1]	_43286_|_43287_|_43289_|lane[1]$_SDFFE_PP0P_|output2070|place15048|place15049|place15062
-0.313509	lane[1]$_SDFFE_PP0P_/Q	o_phy_odelay_dqs_cntvaluein[1]	_43286_|_43287_|_43289_|lane[1]$_SDFFE_PP0P_|output2070|place15048|place15049|place15062
-0.313508	lane[1]$_SDFFE_PP0P_/Q	o_phy_odelay_dqs_cntvaluein[1]	_43286_|_43287_|_43289_|lane[1]$_SDFFE_PP0P_|output2070|place15048|place15049|place15062
-0.313507	lane[1]$_SDFFE_PP0P_/Q	o_phy_odelay_dqs_cntvaluein[1]	_43286_|_43287_|_43289_|lane[1]$_SDFFE_PP0P_|output2070|place15048|place15049|place15062
-0.313466	index_wb_data$_SDFFE_PP0P_/Q	o_wb_data[396]	_43055_|clone15916|index_wb_data$_SDFFE_PP0P_|place13240|place14076|place15138|rebuffer15858|rebuffer15859|rebuffer16465
-0.313448	index_wb_data$_SDFFE_PP0P_/Q	o_wb_data[78]	_42729_|clone16100|index_wb_data$_SDFFE_PP0P_|place14450|place15127|place7051|rebuffer15893|rebuffer16466
-0.313423	index_wb_data$_SDFFE_PP0P_/Q	o_wb_data[194]	_42850_|clone16100|index_wb_data$_SDFFE_PP0P_|output2190|place14306|place14307|place15124|place15125|rebuffer16099|rebuffer16466
-0.313415	index_wb_data$_SDFFE_PP0P_/Q	o_wb_data[71]	_42721_|clone16100|index_wb_data$_SDFFE_PP0P_|output2566|place14459|place15127|rebuffer15893|rebuffer16466
-0.313380	lane[1]$_SDFFE_PP0P_/Q	o_phy_odelay_dqs_cntvaluein[1]	_43282_|_43284_|_43289_|lane[1]$_SDFFE_PP0P_|output2070|place15048|place15049|place15062
-0.313379	lane[1]$_SDFFE_PP0P_/Q	o_phy_odelay_dqs_cntvaluein[1]	_43282_|_43284_|_43289_|lane[1]$_SDFFE_PP0P_|output2070|place15048|place15049|place15062
-0.313379	lane[1]$_SDFFE_PP0P_/Q	o_phy_odelay_dqs_cntvaluein[1]	_43282_|_43284_|_43289_|lane[1]$_SDFFE_PP0P_|output2070|place15048|place15049|place15062
-0.313378	lane[1]$_SDFFE_PP0P_/Q	o_phy_odelay_dqs_cntvaluein[1]	_43282_|_43284_|_43289_|lane[1]$_SDFFE_PP0P_|output2070|place15048|place15049|place15062
-0.313361	index_wb_data$_SDFFE_PP0P_/Q	o_wb_data[63]	_42710_|clone16100|index_wb_data$_SDFFE_PP0P_|output2557|place14470|place15135|rebuffer15893|rebuffer16466
-0.313345	lane[1]$_SDFFE_PP0P_/Q	o_phy_odelay_data_cntvaluein[4]	_43592_|_43594_|_43598_|lane[1]$_SDFFE_PP0P_|output2060|place15051|place15052|place15062
-0.313344	lane[1]$_SDFFE_PP0P_/Q	o_phy_odelay_data_cntvaluein[4]	_43592_|_43594_|_43598_|lane[1]$_SDFFE_PP0P_|output2060|place15051|place15052|place15062
-0.313343	lane[1]$_SDFFE_PP0P_/Q	o_phy_odelay_data_cntvaluein[4]	_43592_|_43594_|_43598_|lane[1]$_SDFFE_PP0P_|output2060|place15051|place15052|place15062
-0.313343	lane[1]$_SDFFE_PP0P_/Q	o_phy_odelay_data_cntvaluein[4]	_43592_|_43594_|_43598_|lane[1]$_SDFFE_PP0P_|output2060|place15051|place15052|place15062
-0.313332	index_wb_data$_SDFFE_PP0P_/Q	o_wb_data[60]	_42705_|clone16100|index_wb_data$_SDFFE_PP0P_|output2554|place14475|place15135|rebuffer15893|rebuffer16466
-0.313293	lane[1]$_SDFFE_PP0P_/Q	o_phy_odelay_data_cntvaluein[0]	_43274_|_43275_|_43279_|lane[1]$_SDFFE_PP0P_|output2056|place15048|place15049|place15062
-0.313292	lane[1]$_SDFFE_PP0P_/Q	o_phy_odelay_data_cntvaluein[0]	_43274_|_43275_|_43279_|lane[1]$_SDFFE_PP0P_|output2056|place15048|place15049|place15062
-0.313292	lane[1]$_SDFFE_PP0P_/Q	o_phy_odelay_data_cntvaluein[0]	_43274_|_43275_|_43279_|lane[1]$_SDFFE_PP0P_|output2056|place15048|place15049|place15062
-0.313291	lane[1]$_SDFFE_PP0P_/Q	o_phy_odelay_data_cntvaluein[0]	_43274_|_43275_|_43279_|lane[1]$_SDFFE_PP0P_|output2056|place15048|place15049|place15062
-0.313225	index_wb_data$_SDFFE_PP0P_/Q	o_wb_data[206]	_42862_|index_wb_data$_SDFFE_PP0P_|output2204|place14292|place15111|place15112|place15138|rebuffer15892|rebuffer16465
-0.313214	index_wb_data$_SDFFE_PP0P_/Q	o_wb_data[212]	_42868_|index_wb_data$_SDFFE_PP0P_|output2211|place14284|place14285|place15112|place15138|rebuffer15892|rebuffer16465
-0.313196	index_wb_data$_SDFFE_PP0P_/Q	o_wb_data[378]	_43034_|clone16208|index_wb_data$_SDFFE_PP0P_|place14096|place15138|place7134|rebuffer15858|rebuffer15859|rebuffer16465
-0.312987	lane[1]$_SDFFE_PP0P_/Q	o_phy_odelay_data_cntvaluein[4]	_43595_|_43597_|_43598_|lane[1]$_SDFFE_PP0P_|output2060|place15051|place15052|place15062
-0.312987	lane[1]$_SDFFE_PP0P_/Q	o_phy_odelay_data_cntvaluein[4]	_43595_|_43597_|_43598_|lane[1]$_SDFFE_PP0P_|output2060|place15051|place15052|place15062
-0.312986	lane[1]$_SDFFE_PP0P_/Q	o_phy_odelay_data_cntvaluein[4]	_43595_|_43597_|_43598_|lane[1]$_SDFFE_PP0P_|output2060|place15051|place15052|place15062
-0.312986	lane[1]$_SDFFE_PP0P_/Q	o_phy_odelay_data_cntvaluein[4]	_43595_|_43597_|_43598_|lane[1]$_SDFFE_PP0P_|output2060|place15051|place15052|place15062
-0.312953	index_wb_data$_SDFFE_PP0P_/Q	o_wb_data[401]	_43060_|index_wb_data$_SDFFE_PP0P_|output2421|place14071|place15104|place15138|rebuffer15656|rebuffer16138|rebuffer16163|rebuffer16465
-0.312684	index_wb_data$_SDFFE_PP0P_/Q	o_wb_data[275]	_42931_|clone16114|index_wb_data$_SDFFE_PP0P_|output2280|place14213|place15138|rebuffer15892|rebuffer16465
-0.312483	lane[1]$_SDFFE_PP0P_/Q	o_phy_odelay_dqs_cntvaluein[1]	_43281_|_43284_|_43289_|lane[1]$_SDFFE_PP0P_|output2070|place15048|place15049|place15062
-0.312482	lane[1]$_SDFFE_PP0P_/Q	o_phy_odelay_dqs_cntvaluein[1]	_43281_|_43284_|_43289_|lane[1]$_SDFFE_PP0P_|output2070|place15048|place15049|place15062
-0.312482	lane[1]$_SDFFE_PP0P_/Q	o_phy_odelay_dqs_cntvaluein[1]	_43281_|_43284_|_43289_|lane[1]$_SDFFE_PP0P_|output2070|place15048|place15049|place15062
-0.312481	lane[1]$_SDFFE_PP0P_/Q	o_phy_odelay_dqs_cntvaluein[1]	_43281_|_43284_|_43289_|lane[1]$_SDFFE_PP0P_|output2070|place15048|place15049|place15062
-0.312469	index_wb_data$_SDFFE_PP0P_/Q	o_wb_data[455]	_43117_|clone15916|index_wb_data$_SDFFE_PP0P_|place14009|place15138|place7103|rebuffer15858|rebuffer15859|rebuffer16465
-0.312443	index_wb_data$_SDFFE_PP0P_/Q	o_wb_data[343]	_42999_|index_wb_data$_SDFFE_PP0P_|output2356|place14135|place15097|place15098|place15138|rebuffer15656|rebuffer16163|rebuffer16465
-0.312392	lane[1]$_SDFFE_PP0P_/Q	o_phy_odelay_data_cntvaluein[0]	_43273_|_43275_|_43279_|lane[1]$_SDFFE_PP0P_|output2056|place15048|place15049|place15062
-0.312391	lane[1]$_SDFFE_PP0P_/Q	o_phy_odelay_data_cntvaluein[0]	_43273_|_43275_|_43279_|lane[1]$_SDFFE_PP0P_|output2056|place15048|place15049|place15062
-0.312391	lane[1]$_SDFFE_PP0P_/Q	o_phy_odelay_data_cntvaluein[0]	_43273_|_43275_|_43279_|lane[1]$_SDFFE_PP0P_|output2056|place15048|place15049|place15062
-0.312390	lane[1]$_SDFFE_PP0P_/Q	o_phy_odelay_data_cntvaluein[0]	_43273_|_43275_|_43279_|lane[1]$_SDFFE_PP0P_|output2056|place15048|place15049|place15062
-0.312380	index_wb_data$_SDFFE_PP0P_/Q	o_wb_data[333]	_42989_|clone16208|index_wb_data$_SDFFE_PP0P_|output2345|place14145|place14146|place15138|rebuffer15858|rebuffer15859|rebuffer16465
-0.312300	index_wb_data$_SDFFE_PP0P_/Q	o_wb_data[28]	_42661_|clone16100|index_wb_data$_SDFFE_PP0P_|output2296|place14512|place15132|place15133|place15134|rebuffer15893|rebuffer16466
-0.312242	index_wb_data$_SDFFE_PP0P_/Q	o_wb_data[350]	_43006_|index_wb_data$_SDFFE_PP0P_|output2364|place14128|place15104|place15138|rebuffer15656|rebuffer16139|rebuffer16163|rebuffer16465
-0.312180	lane[1]$_SDFFE_PP0P_/Q	o_phy_odelay_data_cntvaluein[2]	_43318_|_43320_|_43324_|lane[1]$_SDFFE_PP0P_|output2058|place15059|place15062
-0.312179	lane[1]$_SDFFE_PP0P_/Q	o_phy_odelay_data_cntvaluein[2]	_43318_|_43320_|_43324_|lane[1]$_SDFFE_PP0P_|output2058|place15059|place15062
-0.312179	lane[1]$_SDFFE_PP0P_/Q	o_phy_odelay_data_cntvaluein[2]	_43318_|_43320_|_43324_|lane[1]$_SDFFE_PP0P_|output2058|place15059|place15062
-0.312178	lane[1]$_SDFFE_PP0P_/Q	o_phy_odelay_data_cntvaluein[2]	_43318_|_43320_|_43324_|lane[1]$_SDFFE_PP0P_|output2058|place15059|place15062
-0.312139	index_wb_data$_SDFFE_PP0P_/Q	o_wb_data[26]	_42659_|clone16100|index_wb_data$_SDFFE_PP0P_|output2274|place14514|place15132|place15133|place15134|rebuffer15893|rebuffer16466
-0.312008	index_wb_data$_SDFFE_PP0P_/Q	o_wb_data[329]	_42985_|clone16132|index_wb_data$_SDFFE_PP0P_|output2340|place14150|place15138|rebuffer15892|rebuffer16465
-0.311993	index_wb_data$_SDFFE_PP0P_/Q	o_wb_data[503]	_43168_|index_wb_data$_SDFFE_PP0P_|place13233|place13954|place15099|place15102|place15138|rebuffer16465
-0.311947	index_wb_data$_SDFFE_PP0P_/Q	o_wb_data[492]	_43157_|index_wb_data$_SDFFE_PP0P_|place13965|place15099|place15102|place15138|place7077|rebuffer16465
-0.311935	index_wb_data$_SDFFE_PP0P_/Q	o_wb_data[86]	_42737_|clone16100|index_wb_data$_SDFFE_PP0P_|output2582|place14441|place15133|place15134|rebuffer15893|rebuffer16466
-0.311882	index_wb_data$_SDFFE_PP0P_/Q	o_wb_data[118]	_42770_|index_wb_data$_SDFFE_PP0P_|output2106|place14401|place15152|place15153|place15157|place15158|rebuffer15516|rebuffer16469|rebuffer16597
-0.311799	index_wb_data$_SDFFE_PP0P_/Q	o_wb_data[66]	_42713_|clone16100|index_wb_data$_SDFFE_PP0P_|output2560|place14466|place14467|place15134|rebuffer15893|rebuffer16466
-0.311775	index_wb_data$_SDFFE_PP0P_/Q	o_wb_data[310]	_42966_|index_wb_data$_SDFFE_PP0P_|output2320|place14173|place15140|place15145|place15158|rebuffer15516|rebuffer16460
-0.311703	index_wb_data$_SDFFE_PP0P_/Q	o_wb_data[20]	_42651_|clone16100|index_wb_data$_SDFFE_PP0P_|output2208|place14521|place15136|rebuffer15893|rebuffer16466
-0.311692	index_wb_data$_SDFFE_PP0P_/Q	o_wb_data[73]	_42723_|clone16100|index_wb_data$_SDFFE_PP0P_|output2568|place14456|place14457|place15134|rebuffer15893|rebuffer16466
-0.311673	lane[1]$_SDFFE_PP0P_/Q	o_phy_odelay_data_cntvaluein[2]	_43319_|_43320_|_43324_|lane[1]$_SDFFE_PP0P_|output2058|place15059|place15062
-0.311673	lane[1]$_SDFFE_PP0P_/Q	o_phy_odelay_data_cntvaluein[2]	_43319_|_43320_|_43324_|lane[1]$_SDFFE_PP0P_|output2058|place15059|place15062
-0.311672	lane[1]$_SDFFE_PP0P_/Q	o_phy_odelay_data_cntvaluein[2]	_43319_|_43320_|_43324_|lane[1]$_SDFFE_PP0P_|output2058|place15059|place15062
-0.311671	lane[1]$_SDFFE_PP0P_/Q	o_phy_odelay_data_cntvaluein[2]	_43319_|_43320_|_43324_|lane[1]$_SDFFE_PP0P_|output2058|place15059|place15062
-0.311533	index_wb_data$_SDFFE_PP0P_/Q	o_wb_data[408]	_43067_|index_wb_data$_SDFFE_PP0P_|output2428|place14063|place15101|place15102|place15138|rebuffer16465
-0.311463	index_wb_data$_SDFFE_PP0P_/Q	o_wb_data[476]	_43138_|index_wb_data$_SDFFE_PP0P_|output2503|place13982|place15096|place15138|rebuffer15654|rebuffer16248|rebuffer16465
-0.311446	index_wb_data$_SDFFE_PP0P_/Q	o_wb_data[451]	_43113_|clone15916|index_wb_data$_SDFFE_PP0P_|place14013|place15138|place7107|rebuffer15858|rebuffer15859|rebuffer16465
-0.311400	lane[1]$_SDFFE_PP0P_/Q	o_phy_odelay_dqs_cntvaluein[4]	_43582_|_43583_|_43584_|lane[1]$_SDFFE_PP0P_|output2073|place15051|place15052|place15062
-0.311399	lane[1]$_SDFFE_PP0P_/Q	o_phy_odelay_dqs_cntvaluein[4]	_43582_|_43583_|_43584_|lane[1]$_SDFFE_PP0P_|output2073|place15051|place15052|place15062
-0.311399	lane[1]$_SDFFE_PP0P_/Q	o_phy_odelay_dqs_cntvaluein[4]	_43582_|_43583_|_43584_|lane[1]$_SDFFE_PP0P_|output2073|place15051|place15052|place15062
-0.311398	lane[1]$_SDFFE_PP0P_/Q	o_phy_odelay_dqs_cntvaluein[4]	_43582_|_43583_|_43584_|lane[1]$_SDFFE_PP0P_|output2073|place15051|place15052|place15062
-0.311386	index_wb_data$_SDFFE_PP0P_/Q	o_wb_data[506]	_43171_|index_wb_data$_SDFFE_PP0P_|place13949|place15123|place15138|place7067|rebuffer15859|rebuffer16401|rebuffer16465
-0.311341	index_wb_data$_SDFFE_PP0P_/Q	o_wb_data[80]	_42731_|clone16100|index_wb_data$_SDFFE_PP0P_|output2576|place14448|place15133|place15134|rebuffer15893|rebuffer16466
-0.311311	index_wb_data$_SDFFE_PP0P_/Q	o_wb_data[177]	_42832_|index_wb_data$_SDFFE_PP0P_|output2171|place14329|place15153|place15157|place15158|rebuffer15516|rebuffer16234|rebuffer16469
-0.311301	index_wb_data$_SDFFE_PP0P_/Q	o_wb_data[197]	_42853_|index_wb_data$_SDFFE_PP0P_|output2193|place14303|place15110|place15112|place15138|rebuffer15892|rebuffer16465
-0.311289	index_wb_data$_SDFFE_PP0P_/Q	o_wb_data[443]	_43105_|clone16684|index_wb_data$_SDFFE_PP0P_|place14023|place15138|place7116|rebuffer15859|rebuffer16400|rebuffer16465
-0.311243	index_wb_data$_SDFFE_PP0P_/Q	o_wb_data[436]	_43095_|index_wb_data$_SDFFE_PP0P_|output2459|place14030|place15096|place15138|rebuffer15654|rebuffer16248|rebuffer16465
-0.311140	index_wb_data$_SDFFE_PP0P_/Q	o_wb_data[380]	_43036_|clone16684|index_wb_data$_SDFFE_PP0P_|place14093|place15118|place15138|place7132|rebuffer15859|rebuffer16465
-0.311115	index_wb_data$_SDFFE_PP0P_/Q	o_wb_data[100]	_42751_|clone16100|index_wb_data$_SDFFE_PP0P_|output2087|place14422|place14423|rebuffer15655|rebuffer16466
-0.311088	index_wb_data$_SDFFE_PP0P_/Q	o_wb_data[89]	_42740_|clone16100|index_wb_data$_SDFFE_PP0P_|output2585|place14437|place15133|place15134|rebuffer15893|rebuffer16466
-0.311070	index_wb_data$_SDFFE_PP0P_/Q	o_wb_data[319]	_42975_|clone16114|index_wb_data$_SDFFE_PP0P_|output2329|place14161|place15138|rebuffer15892|rebuffer16465
-0.310973	index_wb_data$_SDFFE_PP0P_/Q	o_wb_data[182]	_42837_|index_wb_data$_SDFFE_PP0P_|output2177|place14322|place15111|place15112|place15138|rebuffer15892|rebuffer16465
-0.310935	index_wb_data$_SDFFE_PP0P_/Q	o_wb_data[118]	_42770_|index_wb_data$_SDFFE_PP0P_|output2106|place14401|place15152|place15153|place15157|place15158|rebuffer15516|rebuffer16469|rebuffer16597
-0.310914	index_wb_data$_SDFFE_PP0P_/Q	o_wb_data[387]	_43046_|clone16132|index_wb_data$_SDFFE_PP0P_|output2404|place14086|place15138|rebuffer15892|rebuffer16465
-0.310687	index_wb_data$_SDFFE_PP0P_/Q	o_wb_data[35]	_42674_|index_wb_data$_SDFFE_PP0P_|place14505|place15122|place15123|place15138|place7138|rebuffer15859|rebuffer16465
-0.310677	index_wb_data$_SDFFE_PP0P_/Q	o_wb_data[129]	_42783_|index_wb_data$_SDFFE_PP0P_|output2118|place14387|place14388|place15113|place15138|rebuffer15892|rebuffer16465
-0.310564	index_wb_data$_SDFFE_PP0P_/Q	o_wb_data[82]	_42733_|clone16100|index_wb_data$_SDFFE_PP0P_|output2578|place14446|place15133|place15134|rebuffer15893|rebuffer16466
-0.310562	index_wb_data$_SDFFE_PP0P_/Q	o_wb_data[352]	_43008_|index_wb_data$_SDFFE_PP0P_|output2366|place14125|place14126|place15102|place15138|rebuffer16465
-0.310536	index_wb_data$_SDFFE_PP0P_/Q	o_wb_data[413]	_43072_|index_wb_data$_SDFFE_PP0P_|output2434|place14057|place14058|place15101|place15102|place15138|rebuffer16465
-0.310478	index_wb_data$_SDFFE_PP0P_/Q	o_wb_data[498]	_43163_|index_wb_data$_SDFFE_PP0P_|place13234|place13959|place15108|place15138|rebuffer15654|rebuffer16248|rebuffer16465|split
-0.310388	index_wb_data$_SDFFE_PP0P_/Q	o_wb_data[87]	_42738_|clone16100|index_wb_data$_SDFFE_PP0P_|output2583|place14440|place15133|place15134|rebuffer15893|rebuffer16466
-0.310376	lane[1]$_SDFFE_PP0P_/Q	o_phy_odelay_dqs_cntvaluein[4]	_43579_|_43580_|_43584_|lane[1]$_SDFFE_PP0P_|output2073|place15051|place15052|place15062
-0.310375	lane[1]$_SDFFE_PP0P_/Q	o_phy_odelay_dqs_cntvaluein[4]	_43579_|_43580_|_43584_|lane[1]$_SDFFE_PP0P_|output2073|place15051|place15052|place15062
-0.310375	lane[1]$_SDFFE_PP0P_/Q	o_phy_odelay_dqs_cntvaluein[4]	_43579_|_43580_|_43584_|lane[1]$_SDFFE_PP0P_|output2073|place15051|place15052|place15062
-0.310374	lane[1]$_SDFFE_PP0P_/Q	o_phy_odelay_dqs_cntvaluein[4]	_43579_|_43580_|_43584_|lane[1]$_SDFFE_PP0P_|output2073|place15051|place15052|place15062
-0.310370	index_wb_data$_SDFFE_PP0P_/Q	o_wb_data[253]	_42909_|clone15916|index_wb_data$_SDFFE_PP0P_|output2256|place14237|place15138|rebuffer15858|rebuffer15859|rebuffer16465
-0.310354	index_wb_data$_SDFFE_PP0P_/Q	o_wb_data[361]	_43017_|index_wb_data$_SDFFE_PP0P_|output2376|place14114|place15101|place15102|place15138|rebuffer16465
-0.310330	index_wb_data$_SDFFE_PP0P_/Q	o_wb_data[164]	_42818_|clone16114|index_wb_data$_SDFFE_PP0P_|output2157|place14349|place15138|rebuffer15892|rebuffer16465
-0.310236	lane[1]$_SDFFE_PP0P_/Q	o_phy_odelay_dqs_cntvaluein[4]	_43578_|_43580_|_43584_|lane[1]$_SDFFE_PP0P_|output2073|place15051|place15052|place15062
-0.310235	lane[1]$_SDFFE_PP0P_/Q	o_phy_odelay_dqs_cntvaluein[4]	_43578_|_43580_|_43584_|lane[1]$_SDFFE_PP0P_|output2073|place15051|place15052|place15062
-0.310235	lane[1]$_SDFFE_PP0P_/Q	o_phy_odelay_dqs_cntvaluein[4]	_43578_|_43580_|_43584_|lane[1]$_SDFFE_PP0P_|output2073|place15051|place15052|place15062
-0.310234	lane[1]$_SDFFE_PP0P_/Q	o_phy_odelay_dqs_cntvaluein[4]	_43578_|_43580_|_43584_|lane[1]$_SDFFE_PP0P_|output2073|place15051|place15052|place15062
-0.310220	lane[1]$_SDFFE_PP0P_/Q	o_phy_odelay_dqs_cntvaluein[4]	_43581_|_43583_|_43584_|lane[1]$_SDFFE_PP0P_|output2073|place15051|place15052|place15062
-0.310219	lane[1]$_SDFFE_PP0P_/Q	o_phy_odelay_dqs_cntvaluein[4]	_43581_|_43583_|_43584_|lane[1]$_SDFFE_PP0P_|output2073|place15051|place15052|place15062
-0.310218	lane[1]$_SDFFE_PP0P_/Q	o_phy_odelay_dqs_cntvaluein[4]	_43581_|_43583_|_43584_|lane[1]$_SDFFE_PP0P_|output2073|place15051|place15052|place15062
-0.310217	lane[1]$_SDFFE_PP0P_/Q	o_phy_odelay_dqs_cntvaluein[4]	_43581_|_43583_|_43584_|lane[1]$_SDFFE_PP0P_|output2073|place15051|place15052|place15062
-0.310161	lane[1]$_SDFFE_PP0P_/Q	o_phy_odelay_data_cntvaluein[1]	_43326_|_43327_|_43331_|lane[1]$_SDFFE_PP0P_|output2057|place15048|place15049|place15062
-0.310161	lane[1]$_SDFFE_PP0P_/Q	o_phy_odelay_data_cntvaluein[1]	_43326_|_43327_|_43331_|lane[1]$_SDFFE_PP0P_|output2057|place15048|place15049|place15062
-0.310160	lane[1]$_SDFFE_PP0P_/Q	o_phy_odelay_data_cntvaluein[1]	_43326_|_43327_|_43331_|lane[1]$_SDFFE_PP0P_|output2057|place15048|place15049|place15062
-0.310160	lane[1]$_SDFFE_PP0P_/Q	o_phy_odelay_data_cntvaluein[1]	_43326_|_43327_|_43331_|lane[1]$_SDFFE_PP0P_|output2057|place15048|place15049|place15062
-0.310110	index_wb_data$_SDFFE_PP0P_/Q	o_wb_data[40]	_42679_|clone16208|index_wb_data$_SDFFE_PP0P_|output2430|place14499|place15138|rebuffer15858|rebuffer15859|rebuffer16465
-0.310104	index_wb_data$_SDFFE_PP0P_/Q	o_wb_data[480]	_43142_|index_wb_data$_SDFFE_PP0P_|place13236|place13978|place15108|place15138|rebuffer15654|rebuffer16248|rebuffer16465
-0.310063	index_wb_data$_SDFFE_PP0P_/Q	o_wb_data[8]	_42628_|index_wb_data$_SDFFE_PP0P_|place14535|place15116|place15117|place15138|place7049|rebuffer15858|rebuffer15859|rebuffer16465
-0.309966	index_wb_data$_SDFFE_PP0P_/Q	o_wb_data[36]	_42675_|index_wb_data$_SDFFE_PP0P_|place14503|place15110|place15112|place15138|place7137|rebuffer15892|rebuffer16465
-0.309905	index_wb_data$_SDFFE_PP0P_/Q	o_wb_data[32]	_42670_|clone16132|index_wb_data$_SDFFE_PP0P_|output2341|place14508|place15138|rebuffer15892|rebuffer16465
-0.309831	index_wb_data$_SDFFE_PP0P_/Q	o_wb_data[318]	_42974_|clone16114|index_wb_data$_SDFFE_PP0P_|output2328|place14162|place15138|rebuffer15892|rebuffer16465
-0.309828	lane[1]$_SDFFE_PP0P_/Q	o_phy_odelay_data_cntvaluein[3]	_43259_|_43261_|_43265_|lane[1]$_SDFFE_PP0P_|output2059|place15059|place15062
-0.309827	lane[1]$_SDFFE_PP0P_/Q	o_phy_odelay_data_cntvaluein[3]	_43259_|_43261_|_43265_|lane[1]$_SDFFE_PP0P_|output2059|place15059|place15062
-0.309826	lane[1]$_SDFFE_PP0P_/Q	o_phy_odelay_data_cntvaluein[3]	_43259_|_43261_|_43265_|lane[1]$_SDFFE_PP0P_|output2059|place15059|place15062
-0.309825	lane[1]$_SDFFE_PP0P_/Q	o_phy_odelay_data_cntvaluein[3]	_43259_|_43261_|_43265_|lane[1]$_SDFFE_PP0P_|output2059|place15059|place15062
-0.309797	index_wb_data$_SDFFE_PP0P_/Q	o_wb_data[304]	_42960_|index_wb_data$_SDFFE_PP0P_|output2313|place14179|place14180|place15142|place15145|place15158|rebuffer15516|rebuffer16460
-0.309759	index_wb_data$_SDFFE_PP0P_/Q	o_wb_data[269]	_42925_|clone16114|index_wb_data$_SDFFE_PP0P_|output2273|place14219|place15138|rebuffer15892|rebuffer16465
-0.309756	index_wb_data$_SDFFE_PP0P_/Q	o_wb_data[250]	_42906_|index_wb_data$_SDFFE_PP0P_|output2253|place14240|place15121|place15123|place15138|rebuffer15859|rebuffer16465
-0.309750	index_wb_data$_SDFFE_PP0P_/Q	o_wb_data[75]	_42725_|clone16100|index_wb_data$_SDFFE_PP0P_|output2570|place14453|place14454|place15136|rebuffer15893|rebuffer16466
-0.309676	index_wb_data$_SDFFE_PP0P_/Q	o_wb_data[482]	_43144_|index_wb_data$_SDFFE_PP0P_|output2510|place13976|place15108|place15138|rebuffer15654|rebuffer16248|rebuffer16465
-0.309646	index_wb_data$_SDFFE_PP0P_/Q	o_wb_data[16]	_42644_|clone16100|index_wb_data$_SDFFE_PP0P_|output2163|place14525|place15132|place15133|place15134|rebuffer15893|rebuffer16466
-0.309596	index_wb_data$_SDFFE_PP0P_/Q	o_wb_data[24]	_42657_|clone16132|index_wb_data$_SDFFE_PP0P_|output2252|place14516|place15138|rebuffer15892|rebuffer16465
-0.309461	index_wb_data$_SDFFE_PP0P_/Q	o_wb_data[41]	_42681_|index_wb_data$_SDFFE_PP0P_|place14497|place15142|place15145|place15158|place7125|rebuffer15516|rebuffer16460
-0.309299	index_wb_data$_SDFFE_PP0P_/Q	o_wb_data[183]	_42838_|index_wb_data$_SDFFE_PP0P_|output2178|place14320|place14321|place15146|place15158|rebuffer15516|rebuffer16467
-0.309272	index_wb_data$_SDFFE_PP0P_/Q	o_wb_data[437]	_43097_|_43098_|_43099_|index_wb_data$_SDFFE_PP0P_|output2460|place11703|place15109|place15138|rebuffer15892|rebuffer16465|rebuffer16491
-0.309220	index_wb_data$_SDFFE_PP0P_/Q	o_wb_data[504]	_43169_|index_wb_data$_SDFFE_PP0P_|place13952|place15123|place15138|place7069|rebuffer15859|rebuffer16401|rebuffer16465
-0.309111	index_wb_data$_SDFFE_PP0P_/Q	o_wb_data[372]	_43028_|index_wb_data$_SDFFE_PP0P_|output2388|place14104|place15103|place15104|place15138|rebuffer15656|rebuffer16163|rebuffer16465
-0.309061	index_wb_data$_SDFFE_PP0P_/Q	o_wb_data[446]	_43108_|index_wb_data$_SDFFE_PP0P_|place14019|place14020|place15121|place15123|place15138|place7113|rebuffer15859|rebuffer16465
-0.309054	index_wb_data$_SDFFE_PP0P_/Q	o_wb_data[109]	_42761_|clone16115|index_wb_data$_SDFFE_PP0P_|output2096|place14411|rebuffer15516|rebuffer16113|rebuffer16116
-0.309024	stage2_pending$_SDFFE_PP0P_/Q	o_phy_cmd[16]	_43393_|_43394_|_43404_|_43414_|_43415_|output1386|place12577|rebuffer15515|rebuffer15524|stage2_pending$_SDFFE_PP0P_
-0.309024	index_wb_data$_SDFFE_PP0P_/Q	o_wb_data[402]	_43061_|index_wb_data$_SDFFE_PP0P_|output2422|place14070|place15104|place15138|rebuffer15656|rebuffer16141|rebuffer16163|rebuffer16465
-0.309022	lane[1]$_SDFFE_PP0P_/Q	o_phy_odelay_data_cntvaluein[1]	_43325_|_43327_|_43331_|lane[1]$_SDFFE_PP0P_|output2057|place15048|place15049|place15062
-0.309021	lane[1]$_SDFFE_PP0P_/Q	o_phy_odelay_data_cntvaluein[1]	_43325_|_43327_|_43331_|lane[1]$_SDFFE_PP0P_|output2057|place15048|place15049|place15062
-0.309021	lane[1]$_SDFFE_PP0P_/Q	o_phy_odelay_data_cntvaluein[1]	_43325_|_43327_|_43331_|lane[1]$_SDFFE_PP0P_|output2057|place15048|place15049|place15062
-0.309020	lane[1]$_SDFFE_PP0P_/Q	o_phy_odelay_data_cntvaluein[1]	_43325_|_43327_|_43331_|lane[1]$_SDFFE_PP0P_|output2057|place15048|place15049|place15062
-0.308944	lane[1]$_SDFFE_PP0P_/Q	o_phy_odelay_data_cntvaluein[3]	_43260_|_43261_|_43265_|lane[1]$_SDFFE_PP0P_|output2059|place15059|place15062
-0.308943	lane[1]$_SDFFE_PP0P_/Q	o_phy_odelay_data_cntvaluein[3]	_43260_|_43261_|_43265_|lane[1]$_SDFFE_PP0P_|output2059|place15059|place15062
-0.308943	lane[1]$_SDFFE_PP0P_/Q	o_phy_odelay_data_cntvaluein[3]	_43260_|_43261_|_43265_|lane[1]$_SDFFE_PP0P_|output2059|place15059|place15062
-0.308942	lane[1]$_SDFFE_PP0P_/Q	o_phy_odelay_data_cntvaluein[3]	_43260_|_43261_|_43265_|lane[1]$_SDFFE_PP0P_|output2059|place15059|place15062
-0.308895	index_wb_data$_SDFFE_PP0P_/Q	o_wb_data[493]	_43158_|index_wb_data$_SDFFE_PP0P_|place13964|place15101|place15102|place15138|place7076|rebuffer16465
-0.308862	lane[1]$_SDFFE_PP0P_/Q	o_phy_idelay_data_cntvaluein[3]	_43572_|_43573_|_43577_|lane[1]$_SDFFE_PP0P_|output2033|place15047|place15049|place15062
-0.308862	lane[1]$_SDFFE_PP0P_/Q	o_phy_idelay_data_cntvaluein[3]	_43572_|_43573_|_43577_|lane[1]$_SDFFE_PP0P_|output2033|place15047|place15049|place15062
-0.308861	lane[1]$_SDFFE_PP0P_/Q	o_phy_idelay_data_cntvaluein[3]	_43572_|_43573_|_43577_|lane[1]$_SDFFE_PP0P_|output2033|place15047|place15049|place15062
-0.308861	lane[1]$_SDFFE_PP0P_/Q	o_phy_idelay_data_cntvaluein[3]	_43572_|_43573_|_43577_|lane[1]$_SDFFE_PP0P_|output2033|place15047|place15049|place15062
-0.308830	lane[1]$_SDFFE_PP0P_/Q	o_phy_idelay_data_cntvaluein[3]	_43574_|_43576_|_43577_|lane[1]$_SDFFE_PP0P_|output2033|place15047|place15049|place15062
-0.308830	lane[1]$_SDFFE_PP0P_/Q	o_phy_idelay_data_cntvaluein[3]	_43574_|_43576_|_43577_|lane[1]$_SDFFE_PP0P_|output2033|place15047|place15049|place15062
-0.308829	lane[1]$_SDFFE_PP0P_/Q	o_phy_idelay_data_cntvaluein[3]	_43574_|_43576_|_43577_|lane[1]$_SDFFE_PP0P_|output2033|place15047|place15049|place15062
-0.308829	lane[1]$_SDFFE_PP0P_/Q	o_phy_idelay_data_cntvaluein[3]	_43574_|_43576_|_43577_|lane[1]$_SDFFE_PP0P_|output2033|place15047|place15049|place15062
-0.308774	index_wb_data$_SDFFE_PP0P_/Q	o_wb_data[54]	_42699_|index_wb_data$_SDFFE_PP0P_|place14482|place15122|place15123|place15138|place7060|rebuffer15859|rebuffer16465
-0.308674	index_wb_data$_SDFFE_PP0P_/Q	o_wb_data[160]	_42814_|index_wb_data$_SDFFE_PP0P_|output2153|place14353|place14354|place15146|place15158|rebuffer15516|rebuffer16467
-0.308560	lane[1]$_SDFFE_PP0P_/Q	o_phy_idelay_data_cntvaluein[3]	_43571_|_43573_|_43577_|lane[1]$_SDFFE_PP0P_|output2033|place15047|place15049|place15062
-0.308559	lane[1]$_SDFFE_PP0P_/Q	o_phy_idelay_data_cntvaluein[3]	_43571_|_43573_|_43577_|lane[1]$_SDFFE_PP0P_|output2033|place15047|place15049|place15062
-0.308559	lane[1]$_SDFFE_PP0P_/Q	o_phy_idelay_data_cntvaluein[3]	_43571_|_43573_|_43577_|lane[1]$_SDFFE_PP0P_|output2033|place15047|place15049|place15062
-0.308558	lane[1]$_SDFFE_PP0P_/Q	o_phy_idelay_data_cntvaluein[3]	_43571_|_43573_|_43577_|lane[1]$_SDFFE_PP0P_|output2033|place15047|place15049|place15062
-0.308467	index_wb_data$_SDFFE_PP0P_/Q	o_wb_data[99]	_42750_|clone16100|index_wb_data$_SDFFE_PP0P_|place14424|place14425|place15125|place7045|rebuffer16099|rebuffer16466
-0.308396	index_wb_data$_SDFFE_PP0P_/Q	o_wb_data[233]	_42889_|index_wb_data$_SDFFE_PP0P_|output2234|place14259|place15142|place15145|place15158|rebuffer15516|rebuffer16460
-0.308387	index_wb_data$_SDFFE_PP0P_/Q	o_wb_data[478]	_43140_|index_wb_data$_SDFFE_PP0P_|output2505|place13980|place15096|place15138|rebuffer15654|rebuffer16248|rebuffer16465
