design,stage,p,seed_a,seed_b,n_eval,rbo
aes,1_synth,0.6,0,1,100,0.999173428743865
aes,1_synth,0.6,0,2,100,0.9774633285236919
aes,1_synth,0.6,0,3,100,0.8572863928494041
aes,1_synth,0.6,0,4,100,0.9773966110831305
aes,1_synth,0.6,0,5,100,0.992254206909069
aes,1_synth,0.6,0,6,100,0.9729010105638466
aes,1_synth,0.6,0,7,100,0.9760520547082913
aes,1_synth,0.6,1,2,100,0.9778964399437937
aes,1_synth,0.6,1,3,100,0.8576852177640364
aes,1_synth,0.6,1,4,100,0.9770882549634454
aes,1_synth,0.6,1,5,100,0.9928289384257204
aes,1_synth,0.6,1,6,100,0.9721902673279715
aes,1_synth,0.6,1,7,100,0.9764870518327623
aes,1_synth,0.6,2,3,100,0.8796714263003049
aes,1_synth,0.6,2,4,100,0.9988370496764696
aes,1_synth,0.6,2,5,100,0.9710744566431757
aes,1_synth,0.6,2,6,100,0.9938717397873527
aes,1_synth,0.6,2,7,100,0.9978626412375151
aes,1_synth,0.6,3,4,100,0.8786403798494231
aes,1_synth,0.6,3,5,100,0.8510821980140237
aes,1_synth,0.6,3,6,100,0.8738202083580442
aes,1_synth,0.6,3,7,100,0.8778087213910892
aes,1_synth,0.6,4,5,100,0.9704504635337279
aes,1_synth,0.6,4,6,100,0.9938665271396103
aes,1_synth,0.6,4,7,100,0.9973559738883264
aes,1_synth,0.6,5,6,100,0.9759096109744108
aes,1_synth,0.6,5,7,100,0.972794650581347
aes,1_synth,0.6,6,7,100,0.9925916085747826
aes,1_synth,0.9,0,1,100,0.9733455167403982
aes,1_synth,0.9,0,2,100,0.9482655768093046
aes,1_synth,0.9,0,3,100,0.9024346025118877
aes,1_synth,0.9,0,4,100,0.9483256448127841
aes,1_synth,0.9,0,5,100,0.9450635748409296
aes,1_synth,0.9,0,6,100,0.9459933631864895
aes,1_synth,0.9,0,7,100,0.9410416408167415
aes,1_synth,0.9,1,2,100,0.951385064430752
aes,1_synth,0.9,1,3,100,0.9057139396091801
aes,1_synth,0.9,1,4,100,0.9433237209243953
aes,1_synth,0.9,1,5,100,0.9520496391380542
aes,1_synth,0.9,1,6,100,0.9392243630262096
aes,1_synth,0.9,1,7,100,0.9459256070897422
aes,1_synth,0.9,2,3,100,0.927421727886379
aes,1_synth,0.9,2,4,100,0.9667366524307035
aes,1_synth,0.9,2,5,100,0.9317737374415618
aes,1_synth,0.9,2,6,100,0.9574656804207117
aes,1_synth,0.9,2,7,100,0.9635461699244078
aes,1_synth,0.9,3,4,100,0.9138275705723354
aes,1_synth,0.9,3,5,100,0.8872030484209547
aes,1_synth,0.9,3,6,100,0.9142738500147785
aes,1_synth,0.9,3,7,100,0.914260900484098
aes,1_synth,0.9,4,5,100,0.9257209098862115
aes,1_synth,0.9,4,6,100,0.9591814398115969
aes,1_synth,0.9,4,7,100,0.9550146941987558
aes,1_synth,0.9,5,6,100,0.9384355788751164
aes,1_synth,0.9,5,7,100,0.9427506790970408
aes,1_synth,0.9,6,7,100,0.9619569200913801
aes,1_synth,0.96,0,1,100,0.9591043637427366
aes,1_synth,0.96,0,2,100,0.9395987248518133
aes,1_synth,0.96,0,3,100,0.9267330349567203
aes,1_synth,0.96,0,4,100,0.9419693459287501
aes,1_synth,0.96,0,5,100,0.9373224867461873
aes,1_synth,0.96,0,6,100,0.942021440388093
aes,1_synth,0.96,0,7,100,0.9377428829630224
aes,1_synth,0.96,1,2,100,0.9388725675050579
aes,1_synth,0.96,1,3,100,0.927373265299826
aes,1_synth,0.96,1,4,100,0.9421506799708281
aes,1_synth,0.96,1,5,100,0.9422710186555812
aes,1_synth,0.96,1,6,100,0.938583839398163
aes,1_synth,0.96,1,7,100,0.9389277219060754
aes,1_synth,0.96,2,3,100,0.9351341883666222
aes,1_synth,0.96,2,4,100,0.9462867726821822
aes,1_synth,0.96,2,5,100,0.9306741300819089
aes,1_synth,0.96,2,6,100,0.9442857328615859
aes,1_synth,0.96,2,7,100,0.953416767256816
aes,1_synth,0.96,3,4,100,0.9254355981999277
aes,1_synth,0.96,3,5,100,0.9153317451835274
aes,1_synth,0.96,3,6,100,0.9327482597113533
aes,1_synth,0.96,3,7,100,0.9285199915558018
aes,1_synth,0.96,4,5,100,0.9310469084920713
aes,1_synth,0.96,4,6,100,0.9495508738270659
aes,1_synth,0.96,4,7,100,0.9415244679672494
aes,1_synth,0.96,5,6,100,0.9368383637971212
aes,1_synth,0.96,5,7,100,0.9420593281162436
aes,1_synth,0.96,6,7,100,0.9550729008784028
aes,6_final,0.6,0,1,100,0.6951412510091157
aes,6_final,0.6,0,2,100,0.6981880856273371
aes,6_final,0.6,0,3,100,0.6356295825666347
aes,6_final,0.6,0,4,100,0.7158312074959968
aes,6_final,0.6,0,5,100,0.6965533198820357
aes,6_final,0.6,0,6,100,0.228232680008917
aes,6_final,0.6,0,7,100,0.6755214394782352
aes,6_final,0.6,1,2,100,0.8419452953700155
aes,6_final,0.6,1,3,100,0.9386272978897383
aes,6_final,0.6,1,4,100,0.6587532610815575
aes,6_final,0.6,1,5,100,0.7362551521030224
aes,6_final,0.6,1,6,100,0.24080286146889246
aes,6_final,0.6,1,7,100,0.6808882899039275
aes,6_final,0.6,2,3,100,0.8118864162971559
aes,6_final,0.6,2,4,100,0.6778679068182263
aes,6_final,0.6,2,5,100,0.7125916535171184
aes,6_final,0.6,2,6,100,0.24203802418579753
aes,6_final,0.6,2,7,100,0.6604498987638165
aes,6_final,0.6,3,4,100,0.677648551697481
aes,6_final,0.6,3,5,100,0.7153106437230554
aes,6_final,0.6,3,6,100,0.26276798563646464
aes,6_final,0.6,3,7,100,0.6486187970892728
aes,6_final,0.6,4,5,100,0.8659934080413074
aes,6_final,0.6,4,6,100,0.30700028670588997
aes,6_final,0.6,4,7,100,0.7154573440183645
aes,6_final,0.6,5,6,100,0.252235350183765
aes,6_final,0.6,5,7,100,0.7478157301597088
aes,6_final,0.6,6,7,100,0.3734365036026998
aes,6_final,0.9,0,1,100,0.6710796498215958
aes,6_final,0.9,0,2,100,0.7151061712981616
aes,6_final,0.9,0,3,100,0.5883542331197131
aes,6_final,0.9,0,4,100,0.6392028923870633
aes,6_final,0.9,0,5,100,0.6808151973843646
aes,6_final,0.9,0,6,100,0.46929805815873704
aes,6_final,0.9,0,7,100,0.6322425962469849
aes,6_final,0.9,1,2,100,0.7831562795431612
aes,6_final,0.9,1,3,100,0.843885130468628
aes,6_final,0.9,1,4,100,0.6607927136965941
aes,6_final,0.9,1,5,100,0.7605249462849738
aes,6_final,0.9,1,6,100,0.5271595703649657
aes,6_final,0.9,1,7,100,0.6873031403923399
aes,6_final,0.9,2,3,100,0.7385754704757764
aes,6_final,0.9,2,4,100,0.6397044073149766
aes,6_final,0.9,2,5,100,0.696832886877386
aes,6_final,0.9,2,6,100,0.4948537279495889
aes,6_final,0.9,2,7,100,0.640257431638806
aes,6_final,0.9,3,4,100,0.6536283685358482
aes,6_final,0.9,3,5,100,0.7074108924148858
aes,6_final,0.9,3,6,100,0.5438224246086102
aes,6_final,0.9,3,7,100,0.6178173568573196
aes,6_final,0.9,4,5,100,0.7722480038320558
aes,6_final,0.9,4,6,100,0.6149991499323938
aes,6_final,0.9,4,7,100,0.7196839680992565
aes,6_final,0.9,5,6,100,0.5280305858558476
aes,6_final,0.9,5,7,100,0.740132869776008
aes,6_final,0.9,6,7,100,0.6519210714953635
aes,6_final,0.96,0,1,100,0.7568416923616947
aes,6_final,0.96,0,2,100,0.7984877274544557
aes,6_final,0.96,0,3,100,0.714922098108476
aes,6_final,0.96,0,4,100,0.742196214410137
aes,6_final,0.96,0,5,100,0.7679193303130729
aes,6_final,0.96,0,6,100,0.6757653659676698
aes,6_final,0.96,0,7,100,0.7321160504484296
aes,6_final,0.96,1,2,100,0.8033750427577846
aes,6_final,0.96,1,3,100,0.8610924809624829
aes,6_final,0.96,1,4,100,0.7661424057052869
aes,6_final,0.96,1,5,100,0.8246454397452491
aes,6_final,0.96,1,6,100,0.7080187013162397
aes,6_final,0.96,1,7,100,0.7779135193142448
aes,6_final,0.96,2,3,100,0.7834778284453685
aes,6_final,0.96,2,4,100,0.7357958185811709
aes,6_final,0.96,2,5,100,0.7689823922279291
aes,6_final,0.96,2,6,100,0.6767198133280794
aes,6_final,0.96,2,7,100,0.7482924489054331
aes,6_final,0.96,3,4,100,0.7557418201244734
aes,6_final,0.96,3,5,100,0.7871536988910615
aes,6_final,0.96,3,6,100,0.7113544618096758
aes,6_final,0.96,3,7,100,0.726213354715741
aes,6_final,0.96,4,5,100,0.8224919308951346
aes,6_final,0.96,4,6,100,0.7645389243163156
aes,6_final,0.96,4,7,100,0.7896518459776489
aes,6_final,0.96,5,6,100,0.7060959621826909
aes,6_final,0.96,5,7,100,0.8014249503387567
aes,6_final,0.96,6,7,100,0.7782771315627058
bitonic_sorter,1_synth,0.6,0,1,8,1.0
bitonic_sorter,1_synth,0.6,0,2,8,1.0
bitonic_sorter,1_synth,0.6,0,3,8,1.0
bitonic_sorter,1_synth,0.6,0,4,8,1.0
bitonic_sorter,1_synth,0.6,0,5,8,1.0
bitonic_sorter,1_synth,0.6,0,6,8,1.0
bitonic_sorter,1_synth,0.6,0,7,8,1.0
bitonic_sorter,1_synth,0.6,1,2,8,1.0
bitonic_sorter,1_synth,0.6,1,3,8,1.0
bitonic_sorter,1_synth,0.6,1,4,8,1.0
bitonic_sorter,1_synth,0.6,1,5,8,1.0
bitonic_sorter,1_synth,0.6,1,6,8,1.0
bitonic_sorter,1_synth,0.6,1,7,8,1.0
bitonic_sorter,1_synth,0.6,2,3,8,1.0
bitonic_sorter,1_synth,0.6,2,4,8,1.0
bitonic_sorter,1_synth,0.6,2,5,8,1.0
bitonic_sorter,1_synth,0.6,2,6,8,1.0
bitonic_sorter,1_synth,0.6,2,7,8,1.0
bitonic_sorter,1_synth,0.6,3,4,8,1.0
bitonic_sorter,1_synth,0.6,3,5,8,1.0
bitonic_sorter,1_synth,0.6,3,6,8,1.0
bitonic_sorter,1_synth,0.6,3,7,8,1.0
bitonic_sorter,1_synth,0.6,4,5,8,1.0
bitonic_sorter,1_synth,0.6,4,6,8,1.0
bitonic_sorter,1_synth,0.6,4,7,8,1.0
bitonic_sorter,1_synth,0.6,5,6,8,1.0
bitonic_sorter,1_synth,0.6,5,7,8,1.0
bitonic_sorter,1_synth,0.6,6,7,8,1.0
bitonic_sorter,1_synth,0.9,0,1,8,1.0
bitonic_sorter,1_synth,0.9,0,2,8,1.0
bitonic_sorter,1_synth,0.9,0,3,8,1.0
bitonic_sorter,1_synth,0.9,0,4,8,1.0
bitonic_sorter,1_synth,0.9,0,5,8,1.0
bitonic_sorter,1_synth,0.9,0,6,8,1.0
bitonic_sorter,1_synth,0.9,0,7,8,1.0
bitonic_sorter,1_synth,0.9,1,2,8,1.0
bitonic_sorter,1_synth,0.9,1,3,8,1.0
bitonic_sorter,1_synth,0.9,1,4,8,1.0
bitonic_sorter,1_synth,0.9,1,5,8,1.0
bitonic_sorter,1_synth,0.9,1,6,8,1.0
bitonic_sorter,1_synth,0.9,1,7,8,1.0
bitonic_sorter,1_synth,0.9,2,3,8,1.0
bitonic_sorter,1_synth,0.9,2,4,8,1.0
bitonic_sorter,1_synth,0.9,2,5,8,1.0
bitonic_sorter,1_synth,0.9,2,6,8,1.0
bitonic_sorter,1_synth,0.9,2,7,8,1.0
bitonic_sorter,1_synth,0.9,3,4,8,1.0
bitonic_sorter,1_synth,0.9,3,5,8,1.0
bitonic_sorter,1_synth,0.9,3,6,8,1.0
bitonic_sorter,1_synth,0.9,3,7,8,1.0
bitonic_sorter,1_synth,0.9,4,5,8,1.0
bitonic_sorter,1_synth,0.9,4,6,8,1.0
bitonic_sorter,1_synth,0.9,4,7,8,1.0
bitonic_sorter,1_synth,0.9,5,6,8,1.0
bitonic_sorter,1_synth,0.9,5,7,8,1.0
bitonic_sorter,1_synth,0.9,6,7,8,1.0
bitonic_sorter,1_synth,0.96,0,1,8,1.0
bitonic_sorter,1_synth,0.96,0,2,8,1.0
bitonic_sorter,1_synth,0.96,0,3,8,1.0
bitonic_sorter,1_synth,0.96,0,4,8,1.0
bitonic_sorter,1_synth,0.96,0,5,8,1.0
bitonic_sorter,1_synth,0.96,0,6,8,1.0
bitonic_sorter,1_synth,0.96,0,7,8,1.0
bitonic_sorter,1_synth,0.96,1,2,8,1.0
bitonic_sorter,1_synth,0.96,1,3,8,1.0
bitonic_sorter,1_synth,0.96,1,4,8,1.0
bitonic_sorter,1_synth,0.96,1,5,8,1.0
bitonic_sorter,1_synth,0.96,1,6,8,1.0
bitonic_sorter,1_synth,0.96,1,7,8,1.0
bitonic_sorter,1_synth,0.96,2,3,8,1.0
bitonic_sorter,1_synth,0.96,2,4,8,1.0
bitonic_sorter,1_synth,0.96,2,5,8,1.0
bitonic_sorter,1_synth,0.96,2,6,8,1.0
bitonic_sorter,1_synth,0.96,2,7,8,1.0
bitonic_sorter,1_synth,0.96,3,4,8,1.0
bitonic_sorter,1_synth,0.96,3,5,8,1.0
bitonic_sorter,1_synth,0.96,3,6,8,1.0
bitonic_sorter,1_synth,0.96,3,7,8,1.0
bitonic_sorter,1_synth,0.96,4,5,8,1.0
bitonic_sorter,1_synth,0.96,4,6,8,1.0
bitonic_sorter,1_synth,0.96,4,7,8,1.0
bitonic_sorter,1_synth,0.96,5,6,8,1.0
bitonic_sorter,1_synth,0.96,5,7,8,1.0
bitonic_sorter,1_synth,0.96,6,7,8,1.0
bitonic_sorter,6_final,0.6,0,1,8,1.0
bitonic_sorter,6_final,0.6,0,2,8,1.0
bitonic_sorter,6_final,0.6,0,3,8,1.0
bitonic_sorter,6_final,0.6,0,4,8,1.0
bitonic_sorter,6_final,0.6,0,5,8,1.0
bitonic_sorter,6_final,0.6,0,6,8,1.0
bitonic_sorter,6_final,0.6,0,7,8,1.0
bitonic_sorter,6_final,0.6,1,2,8,1.0
bitonic_sorter,6_final,0.6,1,3,8,1.0
bitonic_sorter,6_final,0.6,1,4,8,1.0
bitonic_sorter,6_final,0.6,1,5,8,1.0
bitonic_sorter,6_final,0.6,1,6,8,1.0
bitonic_sorter,6_final,0.6,1,7,8,1.0
bitonic_sorter,6_final,0.6,2,3,8,1.0
bitonic_sorter,6_final,0.6,2,4,8,1.0
bitonic_sorter,6_final,0.6,2,5,8,1.0
bitonic_sorter,6_final,0.6,2,6,8,1.0
bitonic_sorter,6_final,0.6,2,7,8,1.0
bitonic_sorter,6_final,0.6,3,4,8,1.0
bitonic_sorter,6_final,0.6,3,5,8,1.0
bitonic_sorter,6_final,0.6,3,6,8,1.0
bitonic_sorter,6_final,0.6,3,7,8,1.0
bitonic_sorter,6_final,0.6,4,5,8,1.0
bitonic_sorter,6_final,0.6,4,6,8,1.0
bitonic_sorter,6_final,0.6,4,7,8,1.0
bitonic_sorter,6_final,0.6,5,6,8,1.0
bitonic_sorter,6_final,0.6,5,7,8,1.0
bitonic_sorter,6_final,0.6,6,7,8,1.0
bitonic_sorter,6_final,0.9,0,1,8,1.0
bitonic_sorter,6_final,0.9,0,2,8,1.0
bitonic_sorter,6_final,0.9,0,3,8,1.0
bitonic_sorter,6_final,0.9,0,4,8,1.0
bitonic_sorter,6_final,0.9,0,5,8,1.0
bitonic_sorter,6_final,0.9,0,6,8,1.0
bitonic_sorter,6_final,0.9,0,7,8,1.0
bitonic_sorter,6_final,0.9,1,2,8,1.0
bitonic_sorter,6_final,0.9,1,3,8,1.0
bitonic_sorter,6_final,0.9,1,4,8,1.0
bitonic_sorter,6_final,0.9,1,5,8,1.0
bitonic_sorter,6_final,0.9,1,6,8,1.0
bitonic_sorter,6_final,0.9,1,7,8,1.0
bitonic_sorter,6_final,0.9,2,3,8,1.0
bitonic_sorter,6_final,0.9,2,4,8,1.0
bitonic_sorter,6_final,0.9,2,5,8,1.0
bitonic_sorter,6_final,0.9,2,6,8,1.0
bitonic_sorter,6_final,0.9,2,7,8,1.0
bitonic_sorter,6_final,0.9,3,4,8,1.0
bitonic_sorter,6_final,0.9,3,5,8,1.0
bitonic_sorter,6_final,0.9,3,6,8,1.0
bitonic_sorter,6_final,0.9,3,7,8,1.0
bitonic_sorter,6_final,0.9,4,5,8,1.0
bitonic_sorter,6_final,0.9,4,6,8,1.0
bitonic_sorter,6_final,0.9,4,7,8,1.0
bitonic_sorter,6_final,0.9,5,6,8,1.0
bitonic_sorter,6_final,0.9,5,7,8,1.0
bitonic_sorter,6_final,0.9,6,7,8,1.0
bitonic_sorter,6_final,0.96,0,1,8,1.0
bitonic_sorter,6_final,0.96,0,2,8,1.0
bitonic_sorter,6_final,0.96,0,3,8,1.0
bitonic_sorter,6_final,0.96,0,4,8,1.0
bitonic_sorter,6_final,0.96,0,5,8,1.0
bitonic_sorter,6_final,0.96,0,6,8,1.0
bitonic_sorter,6_final,0.96,0,7,8,1.0
bitonic_sorter,6_final,0.96,1,2,8,1.0
bitonic_sorter,6_final,0.96,1,3,8,1.0
bitonic_sorter,6_final,0.96,1,4,8,1.0
bitonic_sorter,6_final,0.96,1,5,8,1.0
bitonic_sorter,6_final,0.96,1,6,8,1.0
bitonic_sorter,6_final,0.96,1,7,8,1.0
bitonic_sorter,6_final,0.96,2,3,8,1.0
bitonic_sorter,6_final,0.96,2,4,8,1.0
bitonic_sorter,6_final,0.96,2,5,8,1.0
bitonic_sorter,6_final,0.96,2,6,8,1.0
bitonic_sorter,6_final,0.96,2,7,8,1.0
bitonic_sorter,6_final,0.96,3,4,8,1.0
bitonic_sorter,6_final,0.96,3,5,8,1.0
bitonic_sorter,6_final,0.96,3,6,8,1.0
bitonic_sorter,6_final,0.96,3,7,8,1.0
bitonic_sorter,6_final,0.96,4,5,8,1.0
bitonic_sorter,6_final,0.96,4,6,8,1.0
bitonic_sorter,6_final,0.96,4,7,8,1.0
bitonic_sorter,6_final,0.96,5,6,8,1.0
bitonic_sorter,6_final,0.96,5,7,8,1.0
bitonic_sorter,6_final,0.96,6,7,8,1.0
double_fpu,1_synth,0.6,0,1,100,0.9902001253855368
double_fpu,1_synth,0.6,0,2,100,0.3840491409894876
double_fpu,1_synth,0.6,0,3,100,0.417186771773109
double_fpu,1_synth,0.6,0,4,100,0.9047338924061159
double_fpu,1_synth,0.6,0,5,100,0.801117922540229
double_fpu,1_synth,0.6,0,6,100,0.9548691426049951
double_fpu,1_synth,0.6,0,7,100,0.40694223786673245
double_fpu,1_synth,0.6,1,2,100,0.3837474965403685
double_fpu,1_synth,0.6,1,3,100,0.4118901696680457
double_fpu,1_synth,0.6,1,4,100,0.8950890713636568
double_fpu,1_synth,0.6,1,5,100,0.8073544690765847
double_fpu,1_synth,0.6,1,6,100,0.9581777162527607
double_fpu,1_synth,0.6,1,7,100,0.4012153950829491
double_fpu,1_synth,0.6,2,3,100,0.21447196732936644
double_fpu,1_synth,0.6,2,4,100,0.30859886924793317
double_fpu,1_synth,0.6,2,5,100,0.3974432926018356
double_fpu,1_synth,0.6,2,6,100,0.3545566084968809
double_fpu,1_synth,0.6,2,7,100,0.22564031372115775
double_fpu,1_synth,0.6,3,4,100,0.3350555411081995
double_fpu,1_synth,0.6,3,5,100,0.278139333999828
double_fpu,1_synth,0.6,3,6,100,0.3852882654715489
double_fpu,1_synth,0.6,3,7,100,0.45863373465963503
double_fpu,1_synth,0.6,4,5,100,0.7307814044431239
double_fpu,1_synth,0.6,4,6,100,0.8995084489857453
double_fpu,1_synth,0.6,4,7,100,0.33918274069882365
double_fpu,1_synth,0.6,5,6,100,0.7846261365084723
double_fpu,1_synth,0.6,5,7,100,0.41729172671249537
double_fpu,1_synth,0.6,6,7,100,0.3827006630733982
double_fpu,1_synth,0.9,0,1,100,0.9404660945743321
double_fpu,1_synth,0.9,0,2,100,0.7032528872962818
double_fpu,1_synth,0.9,0,3,100,0.7629634504102996
double_fpu,1_synth,0.9,0,4,100,0.8646244652830796
double_fpu,1_synth,0.9,0,5,100,0.8246164159457293
double_fpu,1_synth,0.9,0,6,100,0.9103671108366774
double_fpu,1_synth,0.9,0,7,100,0.7419519571350948
double_fpu,1_synth,0.9,1,2,100,0.7007987273283707
double_fpu,1_synth,0.9,1,3,100,0.7565345404209847
double_fpu,1_synth,0.9,1,4,100,0.8383786244770398
double_fpu,1_synth,0.9,1,5,100,0.8317150959119544
double_fpu,1_synth,0.9,1,6,100,0.9054196385158991
double_fpu,1_synth,0.9,1,7,100,0.7192131666863159
double_fpu,1_synth,0.9,2,3,100,0.6305484837401315
double_fpu,1_synth,0.9,2,4,100,0.6442035140600741
double_fpu,1_synth,0.9,2,5,100,0.736632880509257
double_fpu,1_synth,0.9,2,6,100,0.6609554863973574
double_fpu,1_synth,0.9,2,7,100,0.6387922601086596
double_fpu,1_synth,0.9,3,4,100,0.6768106184322233
double_fpu,1_synth,0.9,3,5,100,0.663079498970989
double_fpu,1_synth,0.9,3,6,100,0.7278353753149965
double_fpu,1_synth,0.9,3,7,100,0.7613773415266617
double_fpu,1_synth,0.9,4,5,100,0.777727337363922
double_fpu,1_synth,0.9,4,6,100,0.85702433313205
double_fpu,1_synth,0.9,4,7,100,0.7000598583322095
double_fpu,1_synth,0.9,5,6,100,0.812427922763993
double_fpu,1_synth,0.9,5,7,100,0.7510717294583147
double_fpu,1_synth,0.9,6,7,100,0.7104279389130458
double_fpu,1_synth,0.96,0,1,100,0.8784069753103847
double_fpu,1_synth,0.96,0,2,100,0.7757702611525835
double_fpu,1_synth,0.96,0,3,100,0.8114508494335548
double_fpu,1_synth,0.96,0,4,100,0.834524651599238
double_fpu,1_synth,0.96,0,5,100,0.8181004603951927
double_fpu,1_synth,0.96,0,6,100,0.8588672392078767
double_fpu,1_synth,0.96,0,7,100,0.768271040855089
double_fpu,1_synth,0.96,1,2,100,0.7554380431479695
double_fpu,1_synth,0.96,1,3,100,0.7869785233964067
double_fpu,1_synth,0.96,1,4,100,0.8327082408689307
double_fpu,1_synth,0.96,1,5,100,0.818522187037662
double_fpu,1_synth,0.96,1,6,100,0.866064902615106
double_fpu,1_synth,0.96,1,7,100,0.7509353262166193
double_fpu,1_synth,0.96,2,3,100,0.7581785849138155
double_fpu,1_synth,0.96,2,4,100,0.7162101910083036
double_fpu,1_synth,0.96,2,5,100,0.78389395406775
double_fpu,1_synth,0.96,2,6,100,0.7229469766584452
double_fpu,1_synth,0.96,2,7,100,0.7047026495425505
double_fpu,1_synth,0.96,3,4,100,0.7480820012646657
double_fpu,1_synth,0.96,3,5,100,0.7620168801597513
double_fpu,1_synth,0.96,3,6,100,0.7742961376967192
double_fpu,1_synth,0.96,3,7,100,0.7719283588267207
double_fpu,1_synth,0.96,4,5,100,0.8076646285454355
double_fpu,1_synth,0.96,4,6,100,0.849092944553256
double_fpu,1_synth,0.96,4,7,100,0.7718095288753289
double_fpu,1_synth,0.96,5,6,100,0.8183515794846837
double_fpu,1_synth,0.96,5,7,100,0.7806598106488829
double_fpu,1_synth,0.96,6,7,100,0.7498665054370525
double_fpu,6_final,0.6,0,1,100,0.5515896615058477
double_fpu,6_final,0.6,0,2,100,0.0874216686049873
double_fpu,6_final,0.6,0,3,100,0.42424509075704003
double_fpu,6_final,0.6,0,4,100,0.36222469958281694
double_fpu,6_final,0.6,0,5,100,0.43502373851770104
double_fpu,6_final,0.6,0,6,100,0.3643303646393352
double_fpu,6_final,0.6,0,7,100,0.21761724368662555
double_fpu,6_final,0.6,1,2,100,0.08040192111803529
double_fpu,6_final,0.6,1,3,100,0.8216913800634329
double_fpu,6_final,0.6,1,4,100,0.3630062317174807
double_fpu,6_final,0.6,1,5,100,0.47092072923617545
double_fpu,6_final,0.6,1,6,100,0.7809519385526736
double_fpu,6_final,0.6,1,7,100,0.260790411091634
double_fpu,6_final,0.6,2,3,100,0.1372653308395442
double_fpu,6_final,0.6,2,4,100,0.7156162725102808
double_fpu,6_final,0.6,2,5,100,0.08602878238951796
double_fpu,6_final,0.6,2,6,100,0.17421547256980463
double_fpu,6_final,0.6,2,7,100,0.26066766785280565
double_fpu,6_final,0.6,3,4,100,0.25752215603761563
double_fpu,6_final,0.6,3,5,100,0.42209489473934136
double_fpu,6_final,0.6,3,6,100,0.9024820131622839
double_fpu,6_final,0.6,3,7,100,0.3619450285685217
double_fpu,6_final,0.6,4,5,100,0.36032954222541336
double_fpu,6_final,0.6,4,6,100,0.193067137117933
double_fpu,6_final,0.6,4,7,100,0.18650257464204326
double_fpu,6_final,0.6,5,6,100,0.3866094081318575
double_fpu,6_final,0.6,5,7,100,0.7786029170057183
double_fpu,6_final,0.6,6,7,100,0.29418187016345154
double_fpu,6_final,0.9,0,1,100,0.7777489837155482
double_fpu,6_final,0.9,0,2,100,0.5054785125717679
double_fpu,6_final,0.9,0,3,100,0.7323517567914902
double_fpu,6_final,0.9,0,4,100,0.6745933852458398
double_fpu,6_final,0.9,0,5,100,0.7425622767736383
double_fpu,6_final,0.9,0,6,100,0.6762143303412318
double_fpu,6_final,0.9,0,7,100,0.5990618802532899
double_fpu,6_final,0.9,1,2,100,0.4884564786919637
double_fpu,6_final,0.9,1,3,100,0.8427085218495247
double_fpu,6_final,0.9,1,4,100,0.6810785497803571
double_fpu,6_final,0.9,1,5,100,0.8065322354732989
double_fpu,6_final,0.9,1,6,100,0.8157877679991977
double_fpu,6_final,0.9,1,7,100,0.6564508314615224
double_fpu,6_final,0.9,2,3,100,0.5738146219290674
double_fpu,6_final,0.9,2,4,100,0.7792291357760673
double_fpu,6_final,0.9,2,5,100,0.5019173116556219
double_fpu,6_final,0.9,2,6,100,0.5947053651592199
double_fpu,6_final,0.9,2,7,100,0.6073157822146427
double_fpu,6_final,0.9,3,4,100,0.6560172758375142
double_fpu,6_final,0.9,3,5,100,0.7502664517436862
double_fpu,6_final,0.9,3,6,100,0.8755199505105437
double_fpu,6_final,0.9,3,7,100,0.6768483147964769
double_fpu,6_final,0.9,4,5,100,0.6750575090568499
double_fpu,6_final,0.9,4,6,100,0.6077622615249142
double_fpu,6_final,0.9,4,7,100,0.6429039632383884
double_fpu,6_final,0.9,5,6,100,0.7294586108152809
double_fpu,6_final,0.9,5,7,100,0.8084853590080986
double_fpu,6_final,0.9,6,7,100,0.6401075451790741
double_fpu,6_final,0.96,0,1,100,0.8340740551592352
double_fpu,6_final,0.96,0,2,100,0.7017836104364369
double_fpu,6_final,0.96,0,3,100,0.8117484904995954
double_fpu,6_final,0.96,0,4,100,0.78205348551841
double_fpu,6_final,0.96,0,5,100,0.8129552589409407
double_fpu,6_final,0.96,0,6,100,0.790844037938245
double_fpu,6_final,0.96,0,7,100,0.7378656156373024
double_fpu,6_final,0.96,1,2,100,0.6980972815755827
double_fpu,6_final,0.96,1,3,100,0.8667243534990222
double_fpu,6_final,0.96,1,4,100,0.807338122333983
double_fpu,6_final,0.96,1,5,100,0.8599400356086033
double_fpu,6_final,0.96,1,6,100,0.8590139176350535
double_fpu,6_final,0.96,1,7,100,0.7765793676821487
double_fpu,6_final,0.96,2,3,100,0.7402343965122462
double_fpu,6_final,0.96,2,4,100,0.8382508532789773
double_fpu,6_final,0.96,2,5,100,0.6996482865753018
double_fpu,6_final,0.96,2,6,100,0.7508751851089077
double_fpu,6_final,0.96,2,7,100,0.7512137270474784
double_fpu,6_final,0.96,3,4,100,0.785540939133559
double_fpu,6_final,0.96,3,5,100,0.8375760192991437
double_fpu,6_final,0.96,3,6,100,0.8846623543534065
double_fpu,6_final,0.96,3,7,100,0.7923614088334414
double_fpu,6_final,0.96,4,5,100,0.7977273198144919
double_fpu,6_final,0.96,4,6,100,0.7651734146813725
double_fpu,6_final,0.96,4,7,100,0.7890753976296875
double_fpu,6_final,0.96,5,6,100,0.8191645181796651
double_fpu,6_final,0.96,5,7,100,0.8533451742293124
double_fpu,6_final,0.96,6,7,100,0.7704193457043723
e203,1_synth,0.6,0,1,100,0.9999993490734047
e203,1_synth,0.6,0,2,100,0.9999990618499144
e203,1_synth,0.6,0,3,100,0.99999881988416
e203,1_synth,0.6,0,4,100,0.9999949949198339
e203,1_synth,0.6,0,5,100,0.9999950854238517
e203,1_synth,0.6,0,6,100,0.9999955953813991
e203,1_synth,0.6,0,7,100,0.9999949310586438
e203,1_synth,0.6,1,2,100,0.9999992868023515
e203,1_synth,0.6,1,3,100,0.9999986864250657
e203,1_synth,0.6,1,4,100,0.9999950173865806
e203,1_synth,0.6,1,5,100,0.999994979421593
e203,1_synth,0.6,1,6,100,0.9999957195788112
e203,1_synth,0.6,1,7,100,0.9999949950193772
e203,1_synth,0.6,2,3,100,0.9999983536842685
e203,1_synth,0.6,2,4,100,0.9999945204814769
e203,1_synth,0.6,2,5,100,0.9999945484889337
e203,1_synth,0.6,2,6,100,0.9999951989864737
e203,1_synth,0.6,2,7,100,0.9999945338642876
e203,1_synth,0.6,3,4,100,0.9999955556506704
e203,1_synth,0.6,3,5,100,0.9999955836329166
e203,1_synth,0.6,3,6,100,0.9999949115518503
e203,1_synth,0.6,3,7,100,0.9999955690082927
e203,1_synth,0.6,4,5,100,0.9999994467873429
e203,1_synth,0.6,4,6,100,0.9999986941652145
e203,1_synth,0.6,4,7,100,0.9999996752727349
e203,1_synth,0.6,5,6,100,0.9999986808058413
e203,1_synth,0.6,5,7,100,0.9999994400634593
e203,1_synth,0.6,6,7,100,0.9999989758440047
e203,1_synth,0.9,0,1,100,0.9924085484933279
e203,1_synth,0.9,0,2,100,0.9931482883343237
e203,1_synth,0.9,0,3,100,0.9915815748736941
e203,1_synth,0.9,0,4,100,0.9925173799817968
e203,1_synth,0.9,0,5,100,0.9934738837645573
e203,1_synth,0.9,0,6,100,0.9902336223998375
e203,1_synth,0.9,0,7,100,0.9911140310917004
e203,1_synth,0.9,1,2,100,0.9938936673396876
e203,1_synth,0.9,1,3,100,0.9908283141787555
e203,1_synth,0.9,1,4,100,0.9920202825030728
e203,1_synth,0.9,1,5,100,0.9917113703629347
e203,1_synth,0.9,1,6,100,0.9925487814704482
e203,1_synth,0.9,1,7,100,0.9913511031749981
e203,1_synth,0.9,2,3,100,0.9909130892706925
e203,1_synth,0.9,2,4,100,0.989810150929139
e203,1_synth,0.9,2,5,100,0.9901221034222486
e203,1_synth,0.9,2,6,100,0.9893807892760237
e203,1_synth,0.9,2,7,100,0.9898509447138601
e203,1_synth,0.9,3,4,100,0.9888898684396451
e203,1_synth,0.9,3,5,100,0.9888588830517988
e203,1_synth,0.9,3,6,100,0.9892239675983209
e203,1_synth,0.9,3,7,100,0.9885028123252646
e203,1_synth,0.9,4,5,100,0.9942462885538507
e203,1_synth,0.9,4,6,100,0.9909022559209478
e203,1_synth,0.9,4,7,100,0.9956811591010036
e203,1_synth,0.9,5,6,100,0.9906730052010846
e203,1_synth,0.9,5,7,100,0.9936519989473303
e203,1_synth,0.9,6,7,100,0.9929383135593677
e203,1_synth,0.96,0,1,100,0.9675014857407851
e203,1_synth,0.96,0,2,100,0.9693987172876595
e203,1_synth,0.96,0,3,100,0.9619029834457209
e203,1_synth,0.96,0,4,100,0.9691827213790828
e203,1_synth,0.96,0,5,100,0.973950442308063
e203,1_synth,0.96,0,6,100,0.9569014691207407
e203,1_synth,0.96,0,7,100,0.9654182613400363
e203,1_synth,0.96,1,2,100,0.9702044794971865
e203,1_synth,0.96,1,3,100,0.9587685915694381
e203,1_synth,0.96,1,4,100,0.9657887026679487
e203,1_synth,0.96,1,5,100,0.9662804892274085
e203,1_synth,0.96,1,6,100,0.9663523701242424
e203,1_synth,0.96,1,7,100,0.9610128088570241
e203,1_synth,0.96,2,3,100,0.959953832773183
e203,1_synth,0.96,2,4,100,0.9628740654458516
e203,1_synth,0.96,2,5,100,0.9602009989705199
e203,1_synth,0.96,2,6,100,0.9566711263710768
e203,1_synth,0.96,2,7,100,0.9596732394371819
e203,1_synth,0.96,3,4,100,0.9569268812168993
e203,1_synth,0.96,3,5,100,0.9509994243832657
e203,1_synth,0.96,3,6,100,0.9540209676280613
e203,1_synth,0.96,3,7,100,0.9486242406492403
e203,1_synth,0.96,4,5,100,0.9718879401548357
e203,1_synth,0.96,4,6,100,0.9583369438836549
e203,1_synth,0.96,4,7,100,0.9725449132978536
e203,1_synth,0.96,5,6,100,0.9577615293544639
e203,1_synth,0.96,5,7,100,0.9687025950166744
e203,1_synth,0.96,6,7,100,0.9641177972206665
e203,6_final,0.6,0,1,100,0.5183410612418337
e203,6_final,0.6,0,2,100,0.23332643831805863
e203,6_final,0.6,0,3,100,0.5236520813589997
e203,6_final,0.6,0,4,100,0.3027727010256322
e203,6_final,0.6,0,5,100,0.9666123989413056
e203,6_final,0.6,0,6,100,0.566340351458073
e203,6_final,0.6,0,7,100,0.9093961980081424
e203,6_final,0.6,1,2,100,0.2303404404819296
e203,6_final,0.6,1,3,100,0.988434080420396
e203,6_final,0.6,1,4,100,0.23034039030781264
e203,6_final,0.6,1,5,100,0.5196905042420993
e203,6_final,0.6,1,6,100,0.9187479893259852
e203,6_final,0.6,1,7,100,0.5799831906718017
e203,6_final,0.6,2,3,100,0.23354914733797139
e203,6_final,0.6,2,4,100,0.40465733668763093
e203,6_final,0.6,2,5,100,0.2306128325244497
e203,6_final,0.6,2,6,100,0.2303424290582914
e203,6_final,0.6,2,7,100,0.22162047009614644
e203,6_final,0.6,3,4,100,0.23243704062535797
e203,6_final,0.6,3,5,100,0.5191050293380273
e203,6_final,0.6,3,6,100,0.9188329768061317
e203,6_final,0.6,3,7,100,0.5806815015201734
e203,6_final,0.6,4,5,100,0.2843223207513788
e203,6_final,0.6,4,6,100,0.2783398410611358
e203,6_final,0.6,4,7,100,0.22162922434015098
e203,6_final,0.6,5,6,100,0.588393711891332
e203,6_final,0.6,5,7,100,0.9096380845824005
e203,6_final,0.6,6,7,100,0.5084651250417551
e203,6_final,0.9,0,1,100,0.6703772188295364
e203,6_final,0.9,0,2,100,0.6078493915786374
e203,6_final,0.9,0,3,100,0.7566954280011604
e203,6_final,0.9,0,4,100,0.6565639704659173
e203,6_final,0.9,0,5,100,0.8141044939823583
e203,6_final,0.9,0,6,100,0.6950367189244084
e203,6_final,0.9,0,7,100,0.8051966764098506
e203,6_final,0.9,1,2,100,0.5496658440504633
e203,6_final,0.9,1,3,100,0.8388699596481609
e203,6_final,0.9,1,4,100,0.5461966746418124
e203,6_final,0.9,1,5,100,0.7051310185752099
e203,6_final,0.9,1,6,100,0.7767949037326105
e203,6_final,0.9,1,7,100,0.7668154867016159
e203,6_final,0.9,2,3,100,0.624052976321546
e203,6_final,0.9,2,4,100,0.7206669564047274
e203,6_final,0.9,2,5,100,0.5644780720318422
e203,6_final,0.9,2,6,100,0.5539615064631086
e203,6_final,0.9,2,7,100,0.5840085295972282
e203,6_final,0.9,3,4,100,0.6007490049851886
e203,6_final,0.9,3,5,100,0.6960412817727006
e203,6_final,0.9,3,6,100,0.7806701355632892
e203,6_final,0.9,3,7,100,0.769525308630614
e203,6_final,0.9,4,5,100,0.6386844730830068
e203,6_final,0.9,4,6,100,0.571516853477889
e203,6_final,0.9,4,7,100,0.5900477065157047
e203,6_final,0.9,5,6,100,0.7232360908995195
e203,6_final,0.9,5,7,100,0.8277913468234991
e203,6_final,0.9,6,7,100,0.6759176618187466
e203,6_final,0.96,0,1,100,0.6594092519407198
e203,6_final,0.96,0,2,100,0.6558408825679003
e203,6_final,0.96,0,3,100,0.7511984887179369
e203,6_final,0.96,0,4,100,0.6908274709184828
e203,6_final,0.96,0,5,100,0.7415408002965846
e203,6_final,0.96,0,6,100,0.6727263650801296
e203,6_final,0.96,0,7,100,0.7689502297655679
e203,6_final,0.96,1,2,100,0.5977787413865481
e203,6_final,0.96,1,3,100,0.756244426305107
e203,6_final,0.96,1,4,100,0.5837697902427015
e203,6_final,0.96,1,5,100,0.6989267409213863
e203,6_final,0.96,1,6,100,0.6837841440394374
e203,6_final,0.96,1,7,100,0.7527452105170953
e203,6_final,0.96,2,3,100,0.6931695792761485
e203,6_final,0.96,2,4,100,0.7264096359696837
e203,6_final,0.96,2,5,100,0.6163608338884831
e203,6_final,0.96,2,6,100,0.6175873185575278
e203,6_final,0.96,2,7,100,0.6556277677961506
e203,6_final,0.96,3,4,100,0.6472318472112094
e203,6_final,0.96,3,5,100,0.6786034871836574
e203,6_final,0.96,3,6,100,0.7021166587674328
e203,6_final,0.96,3,7,100,0.7488353939220281
e203,6_final,0.96,4,5,100,0.6768009677586788
e203,6_final,0.96,4,6,100,0.6023689354254954
e203,6_final,0.96,4,7,100,0.66878660075398
e203,6_final,0.96,5,6,100,0.6751296842230059
e203,6_final,0.96,5,7,100,0.8007622772429046
e203,6_final,0.96,6,7,100,0.6951196679163298
jpeg_encoder,1_synth,0.6,0,1,100,0.8799986694379136
jpeg_encoder,1_synth,0.6,0,2,100,0.8785992785901087
jpeg_encoder,1_synth,0.6,0,3,100,0.8773326803409165
jpeg_encoder,1_synth,0.6,0,4,100,0.9959296235370019
jpeg_encoder,1_synth,0.6,0,5,100,0.9985950033054476
jpeg_encoder,1_synth,0.6,0,6,100,0.8759294215828479
jpeg_encoder,1_synth,0.6,0,7,100,0.9973284134041691
jpeg_encoder,1_synth,0.6,1,2,100,0.9985998523552759
jpeg_encoder,1_synth,0.6,1,3,100,0.997332298854354
jpeg_encoder,1_synth,0.6,1,4,100,0.8759293071879871
jpeg_encoder,1_synth,0.6,1,5,100,0.8785945623825477
jpeg_encoder,1_synth,0.6,1,6,100,0.9959291397843786
jpeg_encoder,1_synth,0.6,1,7,100,0.8773280648504485
jpeg_encoder,1_synth,0.6,2,3,100,0.9959330141329108
jpeg_encoder,1_synth,0.6,2,4,100,0.8759295909214665
jpeg_encoder,1_synth,0.6,2,5,100,0.8799945333012614
jpeg_encoder,1_synth,0.6,2,6,100,0.9959293796296521
jpeg_encoder,1_synth,0.6,2,7,100,0.8759286753681892
jpeg_encoder,1_synth,0.6,3,4,100,0.8759291497459398
jpeg_encoder,1_synth,0.6,3,5,100,0.8759288953996252
jpeg_encoder,1_synth,0.6,3,6,100,0.9959300076951694
jpeg_encoder,1_synth,0.6,3,7,100,0.8799953521272983
jpeg_encoder,1_synth,0.6,4,5,100,0.9959326442239398
jpeg_encoder,1_synth,0.6,4,6,100,0.8799986446182277
jpeg_encoder,1_synth,0.6,4,7,100,0.9959324185098967
jpeg_encoder,1_synth,0.6,5,6,100,0.8759326534805263
jpeg_encoder,1_synth,0.6,5,7,100,0.9959330666642496
jpeg_encoder,1_synth,0.6,6,7,100,0.875933370687696
jpeg_encoder,1_synth,0.9,0,1,100,0.9414247737051071
jpeg_encoder,1_synth,0.9,0,2,100,0.9360998527939289
jpeg_encoder,1_synth,0.9,0,3,100,0.9319999429848906
jpeg_encoder,1_synth,0.9,0,4,100,0.9724417013982709
jpeg_encoder,1_synth,0.9,0,5,100,0.9801858620333906
jpeg_encoder,1_synth,0.9,0,6,100,0.9263213915152013
jpeg_encoder,1_synth,0.9,0,7,100,0.9789884157878508
jpeg_encoder,1_synth,0.9,1,2,100,0.9848571530137626
jpeg_encoder,1_synth,0.9,1,3,100,0.977013060986849
jpeg_encoder,1_synth,0.9,1,4,100,0.9229087228995451
jpeg_encoder,1_synth,0.9,1,5,100,0.928468578670604
jpeg_encoder,1_synth,0.9,1,6,100,0.9719819849289041
jpeg_encoder,1_synth,0.9,1,7,100,0.9286233688789076
jpeg_encoder,1_synth,0.9,2,3,100,0.9747993212859805
jpeg_encoder,1_synth,0.9,2,4,100,0.9272646071842602
jpeg_encoder,1_synth,0.9,2,5,100,0.9360669590863041
jpeg_encoder,1_synth,0.9,2,6,100,0.9727926027675906
jpeg_encoder,1_synth,0.9,2,7,100,0.9229679250376542
jpeg_encoder,1_synth,0.9,3,4,100,0.9263117641223328
jpeg_encoder,1_synth,0.9,3,5,100,0.927123065246269
jpeg_encoder,1_synth,0.9,3,6,100,0.9784862524052166
jpeg_encoder,1_synth,0.9,3,7,100,0.9397074030693657
jpeg_encoder,1_synth,0.9,4,5,100,0.9706755900172096
jpeg_encoder,1_synth,0.9,4,6,100,0.9406430583136633
jpeg_encoder,1_synth,0.9,4,7,100,0.9670598301237361
jpeg_encoder,1_synth,0.9,5,6,100,0.9271874278216292
jpeg_encoder,1_synth,0.9,5,7,100,0.9752979694980727
jpeg_encoder,1_synth,0.9,6,7,100,0.9261549723204243
jpeg_encoder,1_synth,0.96,0,1,100,0.9345085607479858
jpeg_encoder,1_synth,0.96,0,2,100,0.928784805047068
jpeg_encoder,1_synth,0.96,0,3,100,0.9119310803468417
jpeg_encoder,1_synth,0.96,0,4,100,0.9336529109762661
jpeg_encoder,1_synth,0.96,0,5,100,0.941615154065024
jpeg_encoder,1_synth,0.96,0,6,100,0.9125718306735837
jpeg_encoder,1_synth,0.96,0,7,100,0.9521111055200261
jpeg_encoder,1_synth,0.96,1,2,100,0.9612409628577866
jpeg_encoder,1_synth,0.96,1,3,100,0.9355986180877144
jpeg_encoder,1_synth,0.96,1,4,100,0.9025116275514541
jpeg_encoder,1_synth,0.96,1,5,100,0.9042857443792421
jpeg_encoder,1_synth,0.96,1,6,100,0.9367263064901916
jpeg_encoder,1_synth,0.96,1,7,100,0.9142207277476736
jpeg_encoder,1_synth,0.96,2,3,100,0.9425018486128397
jpeg_encoder,1_synth,0.96,2,4,100,0.9175150881840165
jpeg_encoder,1_synth,0.96,2,5,100,0.9124548606903635
jpeg_encoder,1_synth,0.96,2,6,100,0.9416961905352901
jpeg_encoder,1_synth,0.96,2,7,100,0.9084131414395732
jpeg_encoder,1_synth,0.96,3,4,100,0.923838379258897
jpeg_encoder,1_synth,0.96,3,5,100,0.9225221429702712
jpeg_encoder,1_synth,0.96,3,6,100,0.9636982768486154
jpeg_encoder,1_synth,0.96,3,7,100,0.9202577666537032
jpeg_encoder,1_synth,0.96,4,5,100,0.9358172497741436
jpeg_encoder,1_synth,0.96,4,6,100,0.9332170337808616
jpeg_encoder,1_synth,0.96,4,7,100,0.920629503252389
jpeg_encoder,1_synth,0.96,5,6,100,0.9192638706006468
jpeg_encoder,1_synth,0.96,5,7,100,0.9489723483162347
jpeg_encoder,1_synth,0.96,6,7,100,0.9093895096161647
jpeg_encoder,6_final,0.6,0,1,100,0.6241823358828968
jpeg_encoder,6_final,0.6,0,2,100,0.7921485388100197
jpeg_encoder,6_final,0.6,0,3,100,0.6243308644312768
jpeg_encoder,6_final,0.6,0,4,100,0.6243304820723404
jpeg_encoder,6_final,0.6,0,5,100,0.7440786463147587
jpeg_encoder,6_final,0.6,0,6,100,0.6446353420899315
jpeg_encoder,6_final,0.6,0,7,100,0.626466893265189
jpeg_encoder,6_final,0.6,1,2,100,0.6251107184180413
jpeg_encoder,6_final,0.6,1,3,100,0.7730577280373949
jpeg_encoder,6_final,0.6,1,4,100,0.898210148128066
jpeg_encoder,6_final,0.6,1,5,100,0.6215875559272801
jpeg_encoder,6_final,0.6,1,6,100,0.7345450072173856
jpeg_encoder,6_final,0.6,1,7,100,0.7293297850511767
jpeg_encoder,6_final,0.6,2,3,100,0.6146343167327456
jpeg_encoder,6_final,0.6,2,4,100,0.6134851814758078
jpeg_encoder,6_final,0.6,2,5,100,0.6913465222291151
jpeg_encoder,6_final,0.6,2,6,100,0.6394069782200987
jpeg_encoder,6_final,0.6,2,7,100,0.622395229735796
jpeg_encoder,6_final,0.6,3,4,100,0.7771811918963479
jpeg_encoder,6_final,0.6,3,5,100,0.6142298483346226
jpeg_encoder,6_final,0.6,3,6,100,0.6824019389296678
jpeg_encoder,6_final,0.6,3,7,100,0.7560790869518308
jpeg_encoder,6_final,0.6,4,5,100,0.6138262791204037
jpeg_encoder,6_final,0.6,4,6,100,0.746414836536354
jpeg_encoder,6_final,0.6,4,7,100,0.8235441237399445
jpeg_encoder,6_final,0.6,5,6,100,0.6259964954886759
jpeg_encoder,6_final,0.6,5,7,100,0.6164818498695018
jpeg_encoder,6_final,0.6,6,7,100,0.7759234570628983
jpeg_encoder,6_final,0.9,0,1,100,0.591553414841461
jpeg_encoder,6_final,0.9,0,2,100,0.8237695154798668
jpeg_encoder,6_final,0.9,0,3,100,0.547465211021414
jpeg_encoder,6_final,0.9,0,4,100,0.5470601454517391
jpeg_encoder,6_final,0.9,0,5,100,0.786804638148851
jpeg_encoder,6_final,0.9,0,6,100,0.6579600892233345
jpeg_encoder,6_final,0.9,0,7,100,0.584223058489201
jpeg_encoder,6_final,0.9,1,2,100,0.5931052000252709
jpeg_encoder,6_final,0.9,1,3,100,0.7677290581180073
jpeg_encoder,6_final,0.9,1,4,100,0.8022179045608254
jpeg_encoder,6_final,0.9,1,5,100,0.5750873048030561
jpeg_encoder,6_final,0.9,1,6,100,0.7088008935895647
jpeg_encoder,6_final,0.9,1,7,100,0.6859111485464413
jpeg_encoder,6_final,0.9,2,3,100,0.5105382388391886
jpeg_encoder,6_final,0.9,2,4,100,0.5036964828875569
jpeg_encoder,6_final,0.9,2,5,100,0.7382080263003303
jpeg_encoder,6_final,0.9,2,6,100,0.6394102516855884
jpeg_encoder,6_final,0.9,2,7,100,0.5784271042748782
jpeg_encoder,6_final,0.9,3,4,100,0.8166984521950377
jpeg_encoder,6_final,0.9,3,5,100,0.5147042439932525
jpeg_encoder,6_final,0.9,3,6,100,0.6493021497256205
jpeg_encoder,6_final,0.9,3,7,100,0.7244813388944089
jpeg_encoder,6_final,0.9,4,5,100,0.5087882624874446
jpeg_encoder,6_final,0.9,4,6,100,0.7051527668081246
jpeg_encoder,6_final,0.9,4,7,100,0.7888426840942165
jpeg_encoder,6_final,0.9,5,6,100,0.6020305747697022
jpeg_encoder,6_final,0.9,5,7,100,0.5560582404796756
jpeg_encoder,6_final,0.9,6,7,100,0.7949439865266653
jpeg_encoder,6_final,0.96,0,1,100,0.7480198825747302
jpeg_encoder,6_final,0.96,0,2,100,0.8775431220731348
jpeg_encoder,6_final,0.96,0,3,100,0.7078593727408707
jpeg_encoder,6_final,0.96,0,4,100,0.713449273591761
jpeg_encoder,6_final,0.96,0,5,100,0.8695895855823398
jpeg_encoder,6_final,0.96,0,6,100,0.7955339039689281
jpeg_encoder,6_final,0.96,0,7,100,0.7427143487281501
jpeg_encoder,6_final,0.96,1,2,100,0.743544416526766
jpeg_encoder,6_final,0.96,1,3,100,0.8353714159922009
jpeg_encoder,6_final,0.96,1,4,100,0.8469912034882113
jpeg_encoder,6_final,0.96,1,5,100,0.7357521020990945
jpeg_encoder,6_final,0.96,1,6,100,0.8061428174962696
jpeg_encoder,6_final,0.96,1,7,100,0.7901676536336378
jpeg_encoder,6_final,0.96,2,3,100,0.6788371744332428
jpeg_encoder,6_final,0.96,2,4,100,0.6783676055362211
jpeg_encoder,6_final,0.96,2,5,100,0.8382056752157817
jpeg_encoder,6_final,0.96,2,6,100,0.7726937710406259
jpeg_encoder,6_final,0.96,2,7,100,0.737705311709471
jpeg_encoder,6_final,0.96,3,4,100,0.8725647456605157
jpeg_encoder,6_final,0.96,3,5,100,0.686484445382378
jpeg_encoder,6_final,0.96,3,6,100,0.767107951929131
jpeg_encoder,6_final,0.96,3,7,100,0.8071155615103488
jpeg_encoder,6_final,0.96,4,5,100,0.6830357593795277
jpeg_encoder,6_final,0.96,4,6,100,0.7966499920275346
jpeg_encoder,6_final,0.96,4,7,100,0.8460277347112384
jpeg_encoder,6_final,0.96,5,6,100,0.7578110085340455
jpeg_encoder,6_final,0.96,5,7,100,0.7276308753868498
jpeg_encoder,6_final,0.96,6,7,100,0.8615315849343186
reed_solomon,1_synth,0.6,0,1,100,0.5634561114830552
reed_solomon,1_synth,0.6,0,2,100,0.8868625017911782
reed_solomon,1_synth,0.6,0,3,100,0.8888802720956153
reed_solomon,1_synth,0.6,0,4,100,0.4526066587517251
reed_solomon,1_synth,0.6,0,5,100,0.8554135307355047
reed_solomon,1_synth,0.6,0,6,100,0.8944735336453111
reed_solomon,1_synth,0.6,0,7,100,0.45179157425639893
reed_solomon,1_synth,0.6,1,2,100,0.46869942607508835
reed_solomon,1_synth,0.6,1,3,100,0.477614010043282
reed_solomon,1_synth,0.6,1,4,100,0.8552982203842984
reed_solomon,1_synth,0.6,1,5,100,0.45678575029692947
reed_solomon,1_synth,0.6,1,6,100,0.4932411799273229
reed_solomon,1_synth,0.6,1,7,100,0.8672159119752353
reed_solomon,1_synth,0.6,2,3,100,0.8890439249883881
reed_solomon,1_synth,0.6,2,4,100,0.44942543010185515
reed_solomon,1_synth,0.6,2,5,100,0.8533753608078873
reed_solomon,1_synth,0.6,2,6,100,0.8512952418637104
reed_solomon,1_synth,0.6,2,7,100,0.4461783358537518
reed_solomon,1_synth,0.6,3,4,100,0.5459970011457989
reed_solomon,1_synth,0.6,3,5,100,0.9552113444342125
reed_solomon,1_synth,0.6,3,6,100,0.8653663469356454
reed_solomon,1_synth,0.6,3,7,100,0.543433531311308
reed_solomon,1_synth,0.6,4,5,100,0.5875975637012721
reed_solomon,1_synth,0.6,4,6,100,0.45690002774131183
reed_solomon,1_synth,0.6,4,7,100,0.9805168571562111
reed_solomon,1_synth,0.6,5,6,100,0.8652456930023851
reed_solomon,1_synth,0.6,5,7,100,0.5822270125436547
reed_solomon,1_synth,0.6,6,7,100,0.4516293438903469
reed_solomon,1_synth,0.9,0,1,100,0.6592802265249128
reed_solomon,1_synth,0.9,0,2,100,0.6796049589057541
reed_solomon,1_synth,0.9,0,3,100,0.7108792568173143
reed_solomon,1_synth,0.9,0,4,100,0.558213749516126
reed_solomon,1_synth,0.9,0,5,100,0.672943826523418
reed_solomon,1_synth,0.9,0,6,100,0.7335506189851739
reed_solomon,1_synth,0.9,0,7,100,0.5772448119584256
reed_solomon,1_synth,0.9,1,2,100,0.5603801035154578
reed_solomon,1_synth,0.9,1,3,100,0.6357913835224406
reed_solomon,1_synth,0.9,1,4,100,0.6893246644415811
reed_solomon,1_synth,0.9,1,5,100,0.6069940869913678
reed_solomon,1_synth,0.9,1,6,100,0.6309672833529042
reed_solomon,1_synth,0.9,1,7,100,0.7407767048652739
reed_solomon,1_synth,0.9,2,3,100,0.7017950442214833
reed_solomon,1_synth,0.9,2,4,100,0.5928866237043673
reed_solomon,1_synth,0.9,2,5,100,0.6981164394200514
reed_solomon,1_synth,0.9,2,6,100,0.6276125229864793
reed_solomon,1_synth,0.9,2,7,100,0.5451207510097381
reed_solomon,1_synth,0.9,3,4,100,0.6753197836638913
reed_solomon,1_synth,0.9,3,5,100,0.8023377416050803
reed_solomon,1_synth,0.9,3,6,100,0.728124810140848
reed_solomon,1_synth,0.9,3,7,100,0.6615511845114724
reed_solomon,1_synth,0.9,4,5,100,0.7724619432731875
reed_solomon,1_synth,0.9,4,6,100,0.6110463921050635
reed_solomon,1_synth,0.9,4,7,100,0.8208624438342952
reed_solomon,1_synth,0.9,5,6,100,0.7081198871128105
reed_solomon,1_synth,0.9,5,7,100,0.7423038712449338
reed_solomon,1_synth,0.9,6,7,100,0.5832444189867746
reed_solomon,1_synth,0.96,0,1,100,0.661106319244983
reed_solomon,1_synth,0.96,0,2,100,0.670515253873371
reed_solomon,1_synth,0.96,0,3,100,0.6817070149456299
reed_solomon,1_synth,0.96,0,4,100,0.6093729613820478
reed_solomon,1_synth,0.96,0,5,100,0.657955859291321
reed_solomon,1_synth,0.96,0,6,100,0.703685024747047
reed_solomon,1_synth,0.96,0,7,100,0.6265215709260585
reed_solomon,1_synth,0.96,1,2,100,0.6197856645626104
reed_solomon,1_synth,0.96,1,3,100,0.6840882141172773
reed_solomon,1_synth,0.96,1,4,100,0.6925856959976646
reed_solomon,1_synth,0.96,1,5,100,0.6853222260494548
reed_solomon,1_synth,0.96,1,6,100,0.6379188429931416
reed_solomon,1_synth,0.96,1,7,100,0.7404069293778947
reed_solomon,1_synth,0.96,2,3,100,0.6700413523937196
reed_solomon,1_synth,0.96,2,4,100,0.6749506212739513
reed_solomon,1_synth,0.96,2,5,100,0.7072995087555232
reed_solomon,1_synth,0.96,2,6,100,0.6056911814795763
reed_solomon,1_synth,0.96,2,7,100,0.6307021100767041
reed_solomon,1_synth,0.96,3,4,100,0.6810778635540152
reed_solomon,1_synth,0.96,3,5,100,0.7486219131560014
reed_solomon,1_synth,0.96,3,6,100,0.7004258748595741
reed_solomon,1_synth,0.96,3,7,100,0.6756439573839021
reed_solomon,1_synth,0.96,4,5,100,0.7837941742247135
reed_solomon,1_synth,0.96,4,6,100,0.6441234015174669
reed_solomon,1_synth,0.96,4,7,100,0.7912205133848755
reed_solomon,1_synth,0.96,5,6,100,0.6682611021894023
reed_solomon,1_synth,0.96,5,7,100,0.7790037682803513
reed_solomon,1_synth,0.96,6,7,100,0.6257449547572046
reed_solomon,6_final,0.6,0,1,100,0.9448800761430016
reed_solomon,6_final,0.6,0,2,100,0.4387941074437953
reed_solomon,6_final,0.6,0,3,100,0.47551227213625485
reed_solomon,6_final,0.6,0,4,100,0.9236851155642394
reed_solomon,6_final,0.6,0,5,100,0.5240593331148357
reed_solomon,6_final,0.6,0,6,100,0.5236931719400192
reed_solomon,6_final,0.6,0,7,100,0.5240493192744158
reed_solomon,6_final,0.6,1,2,100,0.4552171987131994
reed_solomon,6_final,0.6,1,3,100,0.48600766028628845
reed_solomon,6_final,0.6,1,4,100,0.9349020515287745
reed_solomon,6_final,0.6,1,5,100,0.540130362217673
reed_solomon,6_final,0.6,1,6,100,0.5399512059004761
reed_solomon,6_final,0.6,1,7,100,0.5552728925928805
reed_solomon,6_final,0.6,2,3,100,0.9128989995691565
reed_solomon,6_final,0.6,2,4,100,0.46640253797229225
reed_solomon,6_final,0.6,2,5,100,0.9014485835241954
reed_solomon,6_final,0.6,2,6,100,0.871987650612925
reed_solomon,6_final,0.6,2,7,100,0.8810683218997664
reed_solomon,6_final,0.6,3,4,100,0.5297180001308825
reed_solomon,6_final,0.6,3,5,100,0.907639945491622
reed_solomon,6_final,0.6,3,6,100,0.9075358368072236
reed_solomon,6_final,0.6,3,7,100,0.9075960798155398
reed_solomon,6_final,0.6,4,5,100,0.5560017058438973
reed_solomon,6_final,0.6,4,6,100,0.5556312189205977
reed_solomon,6_final,0.6,4,7,100,0.5571576216164388
reed_solomon,6_final,0.6,5,6,100,0.9647465673100326
reed_solomon,6_final,0.6,5,7,100,0.960478645942232
reed_solomon,6_final,0.6,6,7,100,0.9601437483902316
reed_solomon,6_final,0.9,0,1,100,0.7041980704580542
reed_solomon,6_final,0.9,0,2,100,0.4957323111017548
reed_solomon,6_final,0.9,0,3,100,0.4936420280273001
reed_solomon,6_final,0.9,0,4,100,0.6393078137893626
reed_solomon,6_final,0.9,0,5,100,0.5437420390297574
reed_solomon,6_final,0.9,0,6,100,0.5369392630666021
reed_solomon,6_final,0.9,0,7,100,0.5653070469765182
reed_solomon,6_final,0.9,1,2,100,0.6250056476310811
reed_solomon,6_final,0.9,1,3,100,0.5227950471179592
reed_solomon,6_final,0.9,1,4,100,0.6982725701143241
reed_solomon,6_final,0.9,1,5,100,0.6648419017908723
reed_solomon,6_final,0.9,1,6,100,0.6408860145132916
reed_solomon,6_final,0.9,1,7,100,0.7067055437649936
reed_solomon,6_final,0.9,2,3,100,0.5982927705227522
reed_solomon,6_final,0.9,2,4,100,0.5390061740319959
reed_solomon,6_final,0.9,2,5,100,0.8018767167519303
reed_solomon,6_final,0.9,2,6,100,0.6973074140007156
reed_solomon,6_final,0.9,2,7,100,0.7114615896025621
reed_solomon,6_final,0.9,3,4,100,0.708621189230273
reed_solomon,6_final,0.9,3,5,100,0.6265459042004794
reed_solomon,6_final,0.9,3,6,100,0.6386507159175158
reed_solomon,6_final,0.9,3,7,100,0.6669356479419519
reed_solomon,6_final,0.9,4,5,100,0.6067193653617898
reed_solomon,6_final,0.9,4,6,100,0.5865846308624675
reed_solomon,6_final,0.9,4,7,100,0.6472682584631052
reed_solomon,6_final,0.9,5,6,100,0.8030534975142234
reed_solomon,6_final,0.9,5,7,100,0.7265679790206646
reed_solomon,6_final,0.9,6,7,100,0.7027269624577919
reed_solomon,6_final,0.96,0,1,100,0.6357489820023854
reed_solomon,6_final,0.96,0,2,100,0.5480024785830863
reed_solomon,6_final,0.96,0,3,100,0.4970844203018222
reed_solomon,6_final,0.96,0,4,100,0.5906899978230701
reed_solomon,6_final,0.96,0,5,100,0.5307382691988142
reed_solomon,6_final,0.96,0,6,100,0.5412029631540902
reed_solomon,6_final,0.96,0,7,100,0.5856354833790534
reed_solomon,6_final,0.96,1,2,100,0.684708772457174
reed_solomon,6_final,0.96,1,3,100,0.5418072408943324
reed_solomon,6_final,0.96,1,4,100,0.6593103675258808
reed_solomon,6_final,0.96,1,5,100,0.66550496326639
reed_solomon,6_final,0.96,1,6,100,0.6402898719570327
reed_solomon,6_final,0.96,1,7,100,0.6965343632945988
reed_solomon,6_final,0.96,2,3,100,0.5666101941146298
reed_solomon,6_final,0.96,2,4,100,0.6063224885078777
reed_solomon,6_final,0.96,2,5,100,0.7467571905029403
reed_solomon,6_final,0.96,2,6,100,0.6753112470013426
reed_solomon,6_final,0.96,2,7,100,0.6952923050360142
reed_solomon,6_final,0.96,3,4,100,0.6903388906923364
reed_solomon,6_final,0.96,3,5,100,0.5404248580745108
reed_solomon,6_final,0.96,3,6,100,0.5734749367358707
reed_solomon,6_final,0.96,3,7,100,0.6473308413998312
reed_solomon,6_final,0.96,4,5,100,0.6101728835578745
reed_solomon,6_final,0.96,4,6,100,0.5980390637805336
reed_solomon,6_final,0.96,4,7,100,0.6746185913968489
reed_solomon,6_final,0.96,5,6,100,0.7304186042732098
reed_solomon,6_final,0.96,5,7,100,0.6407837736874405
reed_solomon,6_final,0.96,6,7,100,0.6306109926073439
sha512,1_synth,0.6,0,1,100,0.9357076379599869
sha512,1_synth,0.6,0,2,100,0.9347663677551052
sha512,1_synth,0.6,0,3,100,0.5348211861468083
sha512,1_synth,0.6,0,4,100,0.9932358935455341
sha512,1_synth,0.6,0,5,100,0.9451492536979412
sha512,1_synth,0.6,0,6,100,0.9334782027533726
sha512,1_synth,0.6,0,7,100,0.9942091498144885
sha512,1_synth,0.6,1,2,100,0.9933534200631796
sha512,1_synth,0.6,1,3,100,0.593391471599896
sha512,1_synth,0.6,1,4,100,0.9349972315999747
sha512,1_synth,0.6,1,5,100,0.9829940200725766
sha512,1_synth,0.6,1,6,100,0.9920486810378663
sha512,1_synth,0.6,1,7,100,0.9350201702678848
sha512,1_synth,0.6,2,3,100,0.5943860096524297
sha512,1_synth,0.6,2,4,100,0.9358572246059822
sha512,1_synth,0.6,2,5,100,0.9839071696605116
sha512,1_synth,0.6,2,6,100,0.9924800563192282
sha512,1_synth,0.6,2,7,100,0.9348385141685589
sha512,1_synth,0.6,3,4,100,0.5414478644044477
sha512,1_synth,0.6,3,5,100,0.5894380691412787
sha512,1_synth,0.6,3,6,100,0.598045357886204
sha512,1_synth,0.6,3,7,100,0.5348944641401738
sha512,1_synth,0.6,4,5,100,0.9518239078494933
sha512,1_synth,0.6,4,6,100,0.939765988925588
sha512,1_synth,0.6,4,7,100,0.9932382747908136
sha512,1_synth,0.6,5,6,100,0.9876663682564161
sha512,1_synth,0.6,5,7,100,0.9452243595946284
sha512,1_synth,0.6,6,7,100,0.9335037624598403
sha512,1_synth,0.9,0,1,100,0.895236067746005
sha512,1_synth,0.9,0,2,100,0.857187768101362
sha512,1_synth,0.9,0,3,100,0.7687381342906655
sha512,1_synth,0.9,0,4,100,0.9152313115717003
sha512,1_synth,0.9,0,5,100,0.8742599492205022
sha512,1_synth,0.9,0,6,100,0.8570008910271789
sha512,1_synth,0.9,0,7,100,0.9378355304661815
sha512,1_synth,0.9,1,2,100,0.9222467216480924
sha512,1_synth,0.9,1,3,100,0.8254109716898145
sha512,1_synth,0.9,1,4,100,0.8788271278493701
sha512,1_synth,0.9,1,5,100,0.9130547386591703
sha512,1_synth,0.9,1,6,100,0.9194352916312337
sha512,1_synth,0.9,1,7,100,0.8898383838949384
sha512,1_synth,0.9,2,3,100,0.8486630609827331
sha512,1_synth,0.9,2,4,100,0.8938176310812644
sha512,1_synth,0.9,2,5,100,0.9312567070441994
sha512,1_synth,0.9,2,6,100,0.9333812950159763
sha512,1_synth,0.9,2,7,100,0.8676277045346483
sha512,1_synth,0.9,3,4,100,0.8341332965364405
sha512,1_synth,0.9,3,5,100,0.858574795523227
sha512,1_synth,0.9,3,6,100,0.8524283615920129
sha512,1_synth,0.9,3,7,100,0.7820477249731728
sha512,1_synth,0.9,4,5,100,0.9510126324379515
sha512,1_synth,0.9,4,6,100,0.912897259460833
sha512,1_synth,0.9,4,7,100,0.9173298971215168
sha512,1_synth,0.9,5,6,100,0.9405982429516895
sha512,1_synth,0.9,5,7,100,0.8923941721343511
sha512,1_synth,0.9,6,7,100,0.8611992561196264
sha512,1_synth,0.96,0,1,100,0.9067847272176118
sha512,1_synth,0.96,0,2,100,0.8573586033679526
sha512,1_synth,0.96,0,3,100,0.8308437231452297
sha512,1_synth,0.96,0,4,100,0.8976991915764139
sha512,1_synth,0.96,0,5,100,0.8634980318549996
sha512,1_synth,0.96,0,6,100,0.8582855318721466
sha512,1_synth,0.96,0,7,100,0.9237673360213696
sha512,1_synth,0.96,1,2,100,0.9070028864084803
sha512,1_synth,0.96,1,3,100,0.8688536348883322
sha512,1_synth,0.96,1,4,100,0.8810559639055218
sha512,1_synth,0.96,1,5,100,0.9018270997660125
sha512,1_synth,0.96,1,6,100,0.9042267304284259
sha512,1_synth,0.96,1,7,100,0.8999530171838299
sha512,1_synth,0.96,2,3,100,0.8857690561353493
sha512,1_synth,0.96,2,4,100,0.8903976737603752
sha512,1_synth,0.96,2,5,100,0.9160186312572646
sha512,1_synth,0.96,2,6,100,0.9269471489370411
sha512,1_synth,0.96,2,7,100,0.8661581320916515
sha512,1_synth,0.96,3,4,100,0.8926718543737584
sha512,1_synth,0.96,3,5,100,0.8934741644232815
sha512,1_synth,0.96,3,6,100,0.8819217326464363
sha512,1_synth,0.96,3,7,100,0.8487333295267072
sha512,1_synth,0.96,4,5,100,0.9428038975508252
sha512,1_synth,0.96,4,6,100,0.9060050429077747
sha512,1_synth,0.96,4,7,100,0.9023954445278439
sha512,1_synth,0.96,5,6,100,0.9187681555521617
sha512,1_synth,0.96,5,7,100,0.8898418578363205
sha512,1_synth,0.96,6,7,100,0.8624373594025299
sha512,6_final,0.6,0,1,100,0.9427622999560135
sha512,6_final,0.6,0,2,100,0.5335211888765131
sha512,6_final,0.6,0,3,100,0.47264417239354045
sha512,6_final,0.6,0,4,100,0.9913287253301685
sha512,6_final,0.6,0,5,100,0.9935140363669337
sha512,6_final,0.6,0,6,100,0.8489423430909788
sha512,6_final,0.6,0,7,100,0.9698271947639885
sha512,6_final,0.6,1,2,100,0.5798319056146605
sha512,6_final,0.6,1,3,100,0.5198234401075242
sha512,6_final,0.6,1,4,100,0.9439910160920253
sha512,6_final,0.6,1,5,100,0.9439099763673795
sha512,6_final,0.6,1,6,100,0.8401818298754906
sha512,6_final,0.6,1,7,100,0.9138041494790189
sha512,6_final,0.6,2,3,100,0.9184325733147793
sha512,6_final,0.6,2,4,100,0.5351086115319337
sha512,6_final,0.6,2,5,100,0.53296973891115
sha512,6_final,0.6,2,6,100,0.446947345372638
sha512,6_final,0.6,2,7,100,0.5180275789525642
sha512,6_final,0.6,3,4,100,0.4739566576743844
sha512,6_final,0.6,3,5,100,0.47646975215227755
sha512,6_final,0.6,3,6,100,0.4420849004480649
sha512,6_final,0.6,3,7,100,0.4737451073971879
sha512,6_final,0.6,4,5,100,0.9955016800734374
sha512,6_final,0.6,4,6,100,0.8444624130553772
sha512,6_final,0.6,4,7,100,0.963325942273523
sha512,6_final,0.6,5,6,100,0.8433093365586825
sha512,6_final,0.6,5,7,100,0.964448935378494
sha512,6_final,0.6,6,7,100,0.8564240134906971
sha512,6_final,0.9,0,1,100,0.8766443092143329
sha512,6_final,0.9,0,2,100,0.7901376991704757
sha512,6_final,0.9,0,3,100,0.6501655029176481
sha512,6_final,0.9,0,4,100,0.9188109805589266
sha512,6_final,0.9,0,5,100,0.9026561886798201
sha512,6_final,0.9,0,6,100,0.7905363992307005
sha512,6_final,0.9,0,7,100,0.8882876525671194
sha512,6_final,0.9,1,2,100,0.7841476922990801
sha512,6_final,0.9,1,3,100,0.6581613285105982
sha512,6_final,0.9,1,4,100,0.8823640333826651
sha512,6_final,0.9,1,5,100,0.863228168680905
sha512,6_final,0.9,1,6,100,0.7283392280959823
sha512,6_final,0.9,1,7,100,0.8023471241413032
sha512,6_final,0.9,2,3,100,0.7664046175185396
sha512,6_final,0.9,2,4,100,0.793835251553214
sha512,6_final,0.9,2,5,100,0.7525364538884557
sha512,6_final,0.9,2,6,100,0.6704463106163989
sha512,6_final,0.9,2,7,100,0.7422642684361597
sha512,6_final,0.9,3,4,100,0.6329162539020635
sha512,6_final,0.9,3,5,100,0.6284658531679164
sha512,6_final,0.9,3,6,100,0.608814192067028
sha512,6_final,0.9,3,7,100,0.6372083343808362
sha512,6_final,0.9,4,5,100,0.9276200389166389
sha512,6_final,0.9,4,6,100,0.7708580655900288
sha512,6_final,0.9,4,7,100,0.8598443100099277
sha512,6_final,0.9,5,6,100,0.7319932917942655
sha512,6_final,0.9,5,7,100,0.8387544314802368
sha512,6_final,0.9,6,7,100,0.7866256167736346
sha512,6_final,0.96,0,1,100,0.8823337319986277
sha512,6_final,0.96,0,2,100,0.8628843929790945
sha512,6_final,0.96,0,3,100,0.7703882215607991
sha512,6_final,0.96,0,4,100,0.9081261612387725
sha512,6_final,0.96,0,5,100,0.8810811182663773
sha512,6_final,0.96,0,6,100,0.8537022990484796
sha512,6_final,0.96,0,7,100,0.8984020796750177
sha512,6_final,0.96,1,2,100,0.843544717849762
sha512,6_final,0.96,1,3,100,0.7622295017375699
sha512,6_final,0.96,1,4,100,0.8889833969664579
sha512,6_final,0.96,1,5,100,0.8626254181164208
sha512,6_final,0.96,1,6,100,0.8126237705524839
sha512,6_final,0.96,1,7,100,0.8364267386559854
sha512,6_final,0.96,2,3,100,0.8177124460095723
sha512,6_final,0.96,2,4,100,0.8596597123511039
sha512,6_final,0.96,2,5,100,0.8185131787898449
sha512,6_final,0.96,2,6,100,0.7960542473976938
sha512,6_final,0.96,2,7,100,0.8249311606550882
sha512,6_final,0.96,3,4,100,0.7516413528568293
sha512,6_final,0.96,3,5,100,0.7309206183771902
sha512,6_final,0.96,3,6,100,0.745218636005226
sha512,6_final,0.96,3,7,100,0.7583603386275193
sha512,6_final,0.96,4,5,100,0.9146199517760338
sha512,6_final,0.96,4,6,100,0.8418437916946494
sha512,6_final,0.96,4,7,100,0.8788810322482292
sha512,6_final,0.96,5,6,100,0.7943647965016359
sha512,6_final,0.96,5,7,100,0.8479480940245117
sha512,6_final,0.96,6,7,100,0.8403086231014808
systolic_tpu,1_synth,0.6,0,1,79,0.9146699725270957
systolic_tpu,1_synth,0.6,0,2,73,0.9170089692090787
systolic_tpu,1_synth,0.6,0,3,73,0.5168551243345169
systolic_tpu,1_synth,0.6,0,4,79,0.5189842042870567
systolic_tpu,1_synth,0.6,0,5,77,0.9179861416224903
systolic_tpu,1_synth,0.6,0,6,78,0.9217869221279135
systolic_tpu,1_synth,0.6,0,7,77,0.5176509481438124
systolic_tpu,1_synth,0.6,1,2,73,0.9740117251761946
systolic_tpu,1_synth,0.6,1,3,73,0.5954742556564955
systolic_tpu,1_synth,0.6,1,4,79,0.5712666614849424
systolic_tpu,1_synth,0.6,1,5,77,0.970536628955578
systolic_tpu,1_synth,0.6,1,6,78,0.9869394916109648
systolic_tpu,1_synth,0.6,1,7,77,0.5969952093388174
systolic_tpu,1_synth,0.6,2,3,73,0.5764376903110118
systolic_tpu,1_synth,0.6,2,4,73,0.5930588558611691
systolic_tpu,1_synth,0.6,2,5,73,0.992321790869428
systolic_tpu,1_synth,0.6,2,6,73,0.968422769145208
systolic_tpu,1_synth,0.6,2,7,73,0.5756092309589005
systolic_tpu,1_synth,0.6,3,4,73,0.9727050767722704
systolic_tpu,1_synth,0.6,3,5,73,0.5720875850521736
systolic_tpu,1_synth,0.6,3,6,73,0.5898671624233781
systolic_tpu,1_synth,0.6,3,7,73,0.9984506020450474
systolic_tpu,1_synth,0.6,4,5,77,0.598971160949841
systolic_tpu,1_synth,0.6,4,6,78,0.5643304417789009
systolic_tpu,1_synth,0.6,4,7,77,0.9742471485935487
systolic_tpu,1_synth,0.6,5,6,77,0.9633125684672799
systolic_tpu,1_synth,0.6,5,7,77,0.5732849286727478
systolic_tpu,1_synth,0.6,6,7,77,0.5899201865934636
systolic_tpu,1_synth,0.9,0,1,79,0.8727157291482246
systolic_tpu,1_synth,0.9,0,2,73,0.8942607057920307
systolic_tpu,1_synth,0.9,0,3,73,0.7861671271652706
systolic_tpu,1_synth,0.9,0,4,79,0.8118689373991725
systolic_tpu,1_synth,0.9,0,5,77,0.8915288597385566
systolic_tpu,1_synth,0.9,0,6,78,0.9217280885291613
systolic_tpu,1_synth,0.9,0,7,77,0.8063537349294251
systolic_tpu,1_synth,0.9,1,2,73,0.9294018765995194
systolic_tpu,1_synth,0.9,1,3,73,0.8371683142347857
systolic_tpu,1_synth,0.9,1,4,79,0.8229749764014946
systolic_tpu,1_synth,0.9,1,5,77,0.9167112859421044
systolic_tpu,1_synth,0.9,1,6,78,0.9267583488379689
systolic_tpu,1_synth,0.9,1,7,77,0.8604340313959477
systolic_tpu,1_synth,0.9,2,3,73,0.8568793980811253
systolic_tpu,1_synth,0.9,2,4,73,0.8510414743709898
systolic_tpu,1_synth,0.9,2,5,73,0.9381356401609569
systolic_tpu,1_synth,0.9,2,6,73,0.9321680127890069
systolic_tpu,1_synth,0.9,2,7,73,0.8548626156774091
systolic_tpu,1_synth,0.9,3,4,73,0.930107768778952
systolic_tpu,1_synth,0.9,3,5,73,0.8203946827406616
systolic_tpu,1_synth,0.9,3,6,73,0.8406259628301771
systolic_tpu,1_synth,0.9,3,7,73,0.9683506760135672
systolic_tpu,1_synth,0.9,4,5,77,0.8708203249838737
systolic_tpu,1_synth,0.9,4,6,78,0.8312564210316252
systolic_tpu,1_synth,0.9,4,7,77,0.9539341478798231
systolic_tpu,1_synth,0.9,5,6,77,0.9134378961959194
systolic_tpu,1_synth,0.9,5,7,77,0.8372648560014992
systolic_tpu,1_synth,0.9,6,7,77,0.8571079101701339
systolic_tpu,1_synth,0.96,0,1,79,0.8974877813996078
systolic_tpu,1_synth,0.96,0,2,73,0.9164205258807405
systolic_tpu,1_synth,0.96,0,3,73,0.8650058478850106
systolic_tpu,1_synth,0.96,0,4,79,0.897005187419696
systolic_tpu,1_synth,0.96,0,5,77,0.9114202574196968
systolic_tpu,1_synth,0.96,0,6,78,0.9297444030855422
systolic_tpu,1_synth,0.96,0,7,77,0.8932074573809169
systolic_tpu,1_synth,0.96,1,2,73,0.9286942834726368
systolic_tpu,1_synth,0.96,1,3,73,0.8797554015408703
systolic_tpu,1_synth,0.96,1,4,79,0.8834502345504072
systolic_tpu,1_synth,0.96,1,5,77,0.9183124146147944
systolic_tpu,1_synth,0.96,1,6,78,0.9164021055523516
systolic_tpu,1_synth,0.96,1,7,77,0.9041960608328032
systolic_tpu,1_synth,0.96,2,3,73,0.9131257218711363
systolic_tpu,1_synth,0.96,2,4,73,0.9049293624026294
systolic_tpu,1_synth,0.96,2,5,73,0.9240404587678416
systolic_tpu,1_synth,0.96,2,6,73,0.9273429202286522
systolic_tpu,1_synth,0.96,2,7,73,0.9129021108228685
systolic_tpu,1_synth,0.96,3,4,73,0.9287086319495909
systolic_tpu,1_synth,0.96,3,5,73,0.872738958440925
systolic_tpu,1_synth,0.96,3,6,73,0.8823619998171578
systolic_tpu,1_synth,0.96,3,7,73,0.9508092482847585
systolic_tpu,1_synth,0.96,4,5,77,0.9123885684091321
systolic_tpu,1_synth,0.96,4,6,78,0.8940871361493425
systolic_tpu,1_synth,0.96,4,7,77,0.954931190227061
systolic_tpu,1_synth,0.96,5,6,77,0.916139760498843
systolic_tpu,1_synth,0.96,5,7,77,0.894210532602515
systolic_tpu,1_synth,0.96,6,7,77,0.9047227147721123
systolic_tpu,6_final,0.6,0,1,74,0.5986519055897767
systolic_tpu,6_final,0.6,0,2,72,0.9986588451857289
systolic_tpu,6_final,0.6,0,3,72,0.5456178505498043
systolic_tpu,6_final,0.6,0,4,75,0.5217927582226033
systolic_tpu,6_final,0.6,0,5,73,0.9452572275038544
systolic_tpu,6_final,0.6,0,6,77,0.9724154617668266
systolic_tpu,6_final,0.6,0,7,76,0.9992392382697542
systolic_tpu,6_final,0.6,1,2,72,0.5994538870167211
systolic_tpu,6_final,0.6,1,3,72,0.946242961570204
systolic_tpu,6_final,0.6,1,4,74,0.9218138751863579
systolic_tpu,6_final,0.6,1,5,73,0.545208682239527
systolic_tpu,6_final,0.6,1,6,74,0.5718593256130186
systolic_tpu,6_final,0.6,1,7,74,0.5993932907836892
systolic_tpu,6_final,0.6,2,3,72,0.5463486671625106
systolic_tpu,6_final,0.6,2,4,72,0.5218145324829798
systolic_tpu,6_final,0.6,2,5,72,0.9452584744027053
systolic_tpu,6_final,0.6,2,6,72,0.9720757886955589
systolic_tpu,6_final,0.6,2,7,72,0.999387518775821
systolic_tpu,6_final,0.6,3,4,72,0.921905403933283
systolic_tpu,6_final,0.6,3,5,72,0.5983911870484647
systolic_tpu,6_final,0.6,3,6,72,0.5294438704106644
systolic_tpu,6_final,0.6,3,7,72,0.5463628853371642
systolic_tpu,6_final,0.6,4,5,73,0.5209465734967705
systolic_tpu,6_final,0.6,4,6,75,0.5432676702901065
systolic_tpu,6_final,0.6,4,7,75,0.5222851550223618
systolic_tpu,6_final,0.6,5,6,73,0.9287220414406361
systolic_tpu,6_final,0.6,5,7,73,0.9452551799011283
systolic_tpu,6_final,0.6,6,7,76,0.9724104923873447
systolic_tpu,6_final,0.9,0,1,74,0.859698579891566
systolic_tpu,6_final,0.9,0,2,72,0.9622943196250998
systolic_tpu,6_final,0.9,0,3,72,0.8250445843270573
systolic_tpu,6_final,0.9,0,4,75,0.8124621783682693
systolic_tpu,6_final,0.9,0,5,73,0.8954576659570592
systolic_tpu,6_final,0.9,0,6,77,0.9483884774744852
systolic_tpu,6_final,0.9,0,7,76,0.9783597526767054
systolic_tpu,6_final,0.9,1,2,72,0.8665550653613242
systolic_tpu,6_final,0.9,1,3,72,0.932414973409869
systolic_tpu,6_final,0.9,1,4,74,0.9014943777884624
systolic_tpu,6_final,0.9,1,5,73,0.7843639787581642
systolic_tpu,6_final,0.9,1,6,74,0.8273431987260051
systolic_tpu,6_final,0.9,1,7,74,0.8696065261001681
systolic_tpu,6_final,0.9,2,3,72,0.8272549551633472
systolic_tpu,6_final,0.9,2,4,72,0.8016017147340928
systolic_tpu,6_final,0.9,2,5,72,0.8933691541667809
systolic_tpu,6_final,0.9,2,6,72,0.9294853494327059
systolic_tpu,6_final,0.9,2,7,72,0.9671531953425871
systolic_tpu,6_final,0.9,3,4,72,0.9015325515842203
systolic_tpu,6_final,0.9,3,5,72,0.8246111668408523
systolic_tpu,6_final,0.9,3,6,72,0.8158840663234788
systolic_tpu,6_final,0.9,3,7,72,0.8360936849257401
systolic_tpu,6_final,0.9,4,5,73,0.7632986343812819
systolic_tpu,6_final,0.9,4,6,75,0.8296848424251319
systolic_tpu,6_final,0.9,4,7,75,0.815599531784216
systolic_tpu,6_final,0.9,5,6,73,0.887597363054648
systolic_tpu,6_final,0.9,5,7,73,0.8927929739731822
systolic_tpu,6_final,0.9,6,7,76,0.9452081303168517
systolic_tpu,6_final,0.96,0,1,74,0.8980537314562096
systolic_tpu,6_final,0.96,0,2,72,0.9426063260242427
systolic_tpu,6_final,0.96,0,3,72,0.880673484343902
systolic_tpu,6_final,0.96,0,4,75,0.8828089243449364
systolic_tpu,6_final,0.96,0,5,73,0.8861258758112965
systolic_tpu,6_final,0.96,0,6,77,0.943415016490079
systolic_tpu,6_final,0.96,0,7,76,0.9586721759186642
systolic_tpu,6_final,0.96,1,2,72,0.8982837281050005
systolic_tpu,6_final,0.96,1,3,72,0.9259784120312885
systolic_tpu,6_final,0.96,1,4,74,0.9058451546733971
systolic_tpu,6_final,0.96,1,5,73,0.8238523054316006
systolic_tpu,6_final,0.96,1,6,74,0.8764537940298333
systolic_tpu,6_final,0.96,1,7,74,0.9054020402095577
systolic_tpu,6_final,0.96,2,3,72,0.8822671377238216
systolic_tpu,6_final,0.96,2,4,72,0.870304249874862
systolic_tpu,6_final,0.96,2,5,72,0.8721278128978758
systolic_tpu,6_final,0.96,2,6,72,0.9148417008412194
systolic_tpu,6_final,0.96,2,7,72,0.9452648554851978
systolic_tpu,6_final,0.96,3,4,72,0.904674282496025
systolic_tpu,6_final,0.96,3,5,72,0.8501966211510947
systolic_tpu,6_final,0.96,3,6,72,0.8712370876290887
systolic_tpu,6_final,0.96,3,7,72,0.8955275612407886
systolic_tpu,6_final,0.96,4,5,73,0.8199597368234413
systolic_tpu,6_final,0.96,4,6,75,0.8959420314110238
systolic_tpu,6_final,0.96,4,7,75,0.8840097866574178
systolic_tpu,6_final,0.96,5,6,73,0.886854717640202
systolic_tpu,6_final,0.96,5,7,73,0.8807732833046092
systolic_tpu,6_final,0.96,6,7,76,0.9382299406872551
uberddr3,1_synth,0.6,0,1,100,0.9677841572378594
uberddr3,1_synth,0.6,0,2,100,0.904619621823523
uberddr3,1_synth,0.6,0,3,100,0.9182211948930604
uberddr3,1_synth,0.6,0,4,100,0.8989392986958719
uberddr3,1_synth,0.6,0,5,100,0.9355640145178074
uberddr3,1_synth,0.6,0,6,100,0.9415411790236693
uberddr3,1_synth,0.6,0,7,100,0.7530787215896527
uberddr3,1_synth,0.6,1,2,100,0.9157777069056294
uberddr3,1_synth,0.6,1,3,100,0.9460099584337995
uberddr3,1_synth,0.6,1,4,100,0.8938205699247042
uberddr3,1_synth,0.6,1,5,100,0.9630134862915538
uberddr3,1_synth,0.6,1,6,100,0.919618952808993
uberddr3,1_synth,0.6,1,7,100,0.7613189958758837
uberddr3,1_synth,0.6,2,3,100,0.9652572251750267
uberddr3,1_synth,0.6,2,4,100,0.9454342367140538
uberddr3,1_synth,0.6,2,5,100,0.9074549065570375
uberddr3,1_synth,0.6,2,6,100,0.9515171676492029
uberddr3,1_synth,0.6,2,7,100,0.682955169704546
uberddr3,1_synth,0.6,3,4,100,0.9448064837085556
uberddr3,1_synth,0.6,3,5,100,0.9182112710527308
uberddr3,1_synth,0.6,3,6,100,0.9664624131522035
uberddr3,1_synth,0.6,3,7,100,0.7140274072749386
uberddr3,1_synth,0.6,4,5,100,0.8664554314005491
uberddr3,1_synth,0.6,4,6,100,0.9449262970104302
uberddr3,1_synth,0.6,4,7,100,0.6932766785171354
uberddr3,1_synth,0.6,5,6,100,0.8876169012624224
uberddr3,1_synth,0.6,5,7,100,0.7416321443162381
uberddr3,1_synth,0.6,6,7,100,0.703949898469272
uberddr3,1_synth,0.9,0,1,100,0.8262196791384863
uberddr3,1_synth,0.9,0,2,100,0.7855944742726552
uberddr3,1_synth,0.9,0,3,100,0.7967288274305474
uberddr3,1_synth,0.9,0,4,100,0.7979582410236096
uberddr3,1_synth,0.9,0,5,100,0.8134814851655423
uberddr3,1_synth,0.9,0,6,100,0.8740988932266233
uberddr3,1_synth,0.9,0,7,100,0.6664210312072367
uberddr3,1_synth,0.9,1,2,100,0.8064463122896005
uberddr3,1_synth,0.9,1,3,100,0.8740839700185139
uberddr3,1_synth,0.9,1,4,100,0.7850873938976545
uberddr3,1_synth,0.9,1,5,100,0.8757629190561803
uberddr3,1_synth,0.9,1,6,100,0.8002925421222661
uberddr3,1_synth,0.9,1,7,100,0.717164280502227
uberddr3,1_synth,0.9,2,3,100,0.846896279869415
uberddr3,1_synth,0.9,2,4,100,0.8166935750424321
uberddr3,1_synth,0.9,2,5,100,0.8095726316780898
uberddr3,1_synth,0.9,2,6,100,0.8149527956011264
uberddr3,1_synth,0.9,2,7,100,0.6425159857828421
uberddr3,1_synth,0.9,3,4,100,0.7981489482709119
uberddr3,1_synth,0.9,3,5,100,0.8681785312202716
uberddr3,1_synth,0.9,3,6,100,0.8286117276894122
uberddr3,1_synth,0.9,3,7,100,0.6910797329390781
uberddr3,1_synth,0.9,4,5,100,0.761485060183329
uberddr3,1_synth,0.9,4,6,100,0.7936890816433153
uberddr3,1_synth,0.9,4,7,100,0.6734616748557153
uberddr3,1_synth,0.9,5,6,100,0.7914042744147877
uberddr3,1_synth,0.9,5,7,100,0.6914009499665217
uberddr3,1_synth,0.9,6,7,100,0.6285796618229814
uberddr3,1_synth,0.96,0,1,100,0.7539291905342231
uberddr3,1_synth,0.96,0,2,100,0.7512557880587761
uberddr3,1_synth,0.96,0,3,100,0.7670730100612502
uberddr3,1_synth,0.96,0,4,100,0.7633829300773505
uberddr3,1_synth,0.96,0,5,100,0.7856436303481785
uberddr3,1_synth,0.96,0,6,100,0.8270017707292707
uberddr3,1_synth,0.96,0,7,100,0.6743097052254267
uberddr3,1_synth,0.96,1,2,100,0.7551325801728084
uberddr3,1_synth,0.96,1,3,100,0.8129908433702492
uberddr3,1_synth,0.96,1,4,100,0.7674468774962595
uberddr3,1_synth,0.96,1,5,100,0.7940837130746844
uberddr3,1_synth,0.96,1,6,100,0.7532533266650192
uberddr3,1_synth,0.96,1,7,100,0.7253860379276831
uberddr3,1_synth,0.96,2,3,100,0.7905454624253968
uberddr3,1_synth,0.96,2,4,100,0.7757826549749718
uberddr3,1_synth,0.96,2,5,100,0.7655509519602297
uberddr3,1_synth,0.96,2,6,100,0.7825242731919222
uberddr3,1_synth,0.96,2,7,100,0.6855193206292294
uberddr3,1_synth,0.96,3,4,100,0.7561640825467674
uberddr3,1_synth,0.96,3,5,100,0.8140377564240534
uberddr3,1_synth,0.96,3,6,100,0.7843027214516208
uberddr3,1_synth,0.96,3,7,100,0.7065253547863253
uberddr3,1_synth,0.96,4,5,100,0.7519365199380218
uberddr3,1_synth,0.96,4,6,100,0.7555175032105119
uberddr3,1_synth,0.96,4,7,100,0.7020349995141341
uberddr3,1_synth,0.96,5,6,100,0.7772129121525727
uberddr3,1_synth,0.96,5,7,100,0.6997752070701556
uberddr3,1_synth,0.96,6,7,100,0.6488999847228868
uberddr3,6_final,0.6,0,1,100,0.9011496884167951
uberddr3,6_final,0.6,0,2,100,0.9220186615031412
uberddr3,6_final,0.6,0,3,100,0.8683358060447983
uberddr3,6_final,0.6,0,4,100,0.7723543521200829
uberddr3,6_final,0.6,0,5,100,0.28455735612445404
uberddr3,6_final,0.6,0,6,100,0.9127268001481703
uberddr3,6_final,0.6,0,7,100,0.24441835376868704
uberddr3,6_final,0.6,1,2,100,0.8965734395090705
uberddr3,6_final,0.6,1,3,100,0.7728300174944006
uberddr3,6_final,0.6,1,4,100,0.774703904939914
uberddr3,6_final,0.6,1,5,100,0.18619856186428738
uberddr3,6_final,0.6,1,6,100,0.8822742205593462
uberddr3,6_final,0.6,1,7,100,0.2787609557500875
uberddr3,6_final,0.6,2,3,100,0.7986084035296626
uberddr3,6_final,0.6,2,4,100,0.7460267519446058
uberddr3,6_final,0.6,2,5,100,0.28178243310400447
uberddr3,6_final,0.6,2,6,100,0.9620694227295516
uberddr3,6_final,0.6,2,7,100,0.2378220029084179
uberddr3,6_final,0.6,3,4,100,0.763524868564576
uberddr3,6_final,0.6,3,5,100,0.3988125809146522
uberddr3,6_final,0.6,3,6,100,0.7907288849695514
uberddr3,6_final,0.6,3,7,100,0.23390618257100484
uberddr3,6_final,0.6,4,5,100,0.17727844171700566
uberddr3,6_final,0.6,4,6,100,0.775188712993096
uberddr3,6_final,0.6,4,7,100,0.45990154973578035
uberddr3,6_final,0.6,5,6,100,0.2727096388238694
uberddr3,6_final,0.6,5,7,100,0.05240848529195278
uberddr3,6_final,0.6,6,7,100,0.2370234518541342
uberddr3,6_final,0.9,0,1,100,0.8194907612051974
uberddr3,6_final,0.9,0,2,100,0.8524763415251565
uberddr3,6_final,0.9,0,3,100,0.7946009576378662
uberddr3,6_final,0.9,0,4,100,0.7863216481665449
uberddr3,6_final,0.9,0,5,100,0.6834795485252502
uberddr3,6_final,0.9,0,6,100,0.8026168300584398
uberddr3,6_final,0.9,0,7,100,0.545187014428202
uberddr3,6_final,0.9,1,2,100,0.7648858806522743
uberddr3,6_final,0.9,1,3,100,0.7060636436199729
uberddr3,6_final,0.9,1,4,100,0.792324968533378
uberddr3,6_final,0.9,1,5,100,0.5413434729784954
uberddr3,6_final,0.9,1,6,100,0.7877029843321475
uberddr3,6_final,0.9,1,7,100,0.5488003734413698
uberddr3,6_final,0.9,2,3,100,0.731298653806443
uberddr3,6_final,0.9,2,4,100,0.712644227122708
uberddr3,6_final,0.9,2,5,100,0.6600515625385001
uberddr3,6_final,0.9,2,6,100,0.8138380151435662
uberddr3,6_final,0.9,2,7,100,0.4876720936581951
uberddr3,6_final,0.9,3,4,100,0.6811049441512901
uberddr3,6_final,0.9,3,5,100,0.6594779401333078
uberddr3,6_final,0.9,3,6,100,0.7418542943952431
uberddr3,6_final,0.9,3,7,100,0.470101560385795
uberddr3,6_final,0.9,4,5,100,0.5591019821208459
uberddr3,6_final,0.9,4,6,100,0.759804930847158
uberddr3,6_final,0.9,4,7,100,0.6604155796946518
uberddr3,6_final,0.9,5,6,100,0.6083197055069204
uberddr3,6_final,0.9,5,7,100,0.44701014009588114
uberddr3,6_final,0.9,6,7,100,0.48388555586363824
uberddr3,6_final,0.96,0,1,100,0.8062161593153931
uberddr3,6_final,0.96,0,2,100,0.7977331887139956
uberddr3,6_final,0.96,0,3,100,0.7809270790117122
uberddr3,6_final,0.96,0,4,100,0.8103133570925188
uberddr3,6_final,0.96,0,5,100,0.7614752150781412
uberddr3,6_final,0.96,0,6,100,0.7784418856070829
uberddr3,6_final,0.96,0,7,100,0.6961540451169578
uberddr3,6_final,0.96,1,2,100,0.7196111346673939
uberddr3,6_final,0.96,1,3,100,0.7401436263744875
uberddr3,6_final,0.96,1,4,100,0.8001752928606419
uberddr3,6_final,0.96,1,5,100,0.6594222774197579
uberddr3,6_final,0.96,1,6,100,0.7916365105700612
uberddr3,6_final,0.96,1,7,100,0.6573370997604809
uberddr3,6_final,0.96,2,3,100,0.7014511704669429
uberddr3,6_final,0.96,2,4,100,0.725751487663438
uberddr3,6_final,0.96,2,5,100,0.7289572492996813
uberddr3,6_final,0.96,2,6,100,0.7437677113605059
uberddr3,6_final,0.96,2,7,100,0.598877534417329
uberddr3,6_final,0.96,3,4,100,0.7042972125121285
uberddr3,6_final,0.96,3,5,100,0.719511611060963
uberddr3,6_final,0.96,3,6,100,0.7530015105262381
uberddr3,6_final,0.96,3,7,100,0.6343448769959289
uberddr3,6_final,0.96,4,5,100,0.6974952078607669
uberddr3,6_final,0.96,4,6,100,0.7695705252279837
uberddr3,6_final,0.96,4,7,100,0.7285857443445025
uberddr3,6_final,0.96,5,6,100,0.692192169696123
uberddr3,6_final,0.96,5,7,100,0.6425586063533922
uberddr3,6_final,0.96,6,7,100,0.62691058715595
verilog_axi,1_synth,0.6,0,1,100,0.4460320361385442
verilog_axi,1_synth,0.6,0,2,100,0.5250457406159912
verilog_axi,1_synth,0.6,0,3,100,0.564761078856265
verilog_axi,1_synth,0.6,0,4,100,0.9242746966466625
verilog_axi,1_synth,0.6,0,5,100,0.5700552846832873
verilog_axi,1_synth,0.6,0,6,100,0.9720602111900564
verilog_axi,1_synth,0.6,0,7,100,0.5727800130847037
verilog_axi,1_synth,0.6,1,2,100,0.8188505060397566
verilog_axi,1_synth,0.6,1,3,100,0.8705556440883649
verilog_axi,1_synth,0.6,1,4,100,0.4196497574223006
verilog_axi,1_synth,0.6,1,5,100,0.864547891475217
verilog_axi,1_synth,0.6,1,6,100,0.4646049085045865
verilog_axi,1_synth,0.6,1,7,100,0.8625777868858606
verilog_axi,1_synth,0.6,2,3,100,0.9339733843469413
verilog_axi,1_synth,0.6,2,4,100,0.5981558817009642
verilog_axi,1_synth,0.6,2,5,100,0.9475502778923991
verilog_axi,1_synth,0.6,2,6,100,0.5400590561714911
verilog_axi,1_synth,0.6,2,7,100,0.9472266878045943
verilog_axi,1_synth,0.6,3,4,100,0.5326423722171841
verilog_axi,1_synth,0.6,3,5,100,0.9820490554639263
verilog_axi,1_synth,0.6,3,6,100,0.5812811394959242
verilog_axi,1_synth,0.6,3,7,100,0.9853675321715921
verilog_axi,1_synth,0.6,4,5,100,0.5488974722762042
verilog_axi,1_synth,0.6,4,6,100,0.9410691102995046
verilog_axi,1_synth,0.6,4,7,100,0.5457040835143957
verilog_axi,1_synth,0.6,5,6,100,0.5887703707638149
verilog_axi,1_synth,0.6,5,7,100,0.9924672445597656
verilog_axi,1_synth,0.6,6,7,100,0.5850620004864243
verilog_axi,1_synth,0.9,0,1,100,0.7148223683127262
verilog_axi,1_synth,0.9,0,2,100,0.7674736348843387
verilog_axi,1_synth,0.9,0,3,100,0.747184453343516
verilog_axi,1_synth,0.9,0,4,100,0.8755036455593009
verilog_axi,1_synth,0.9,0,5,100,0.7881522662094717
verilog_axi,1_synth,0.9,0,6,100,0.880363767233098
verilog_axi,1_synth,0.9,0,7,100,0.7947085997167619
verilog_axi,1_synth,0.9,1,2,100,0.8304401988462247
verilog_axi,1_synth,0.9,1,3,100,0.8618949112743564
verilog_axi,1_synth,0.9,1,4,100,0.7514969569318584
verilog_axi,1_synth,0.9,1,5,100,0.8417791196505091
verilog_axi,1_synth,0.9,1,6,100,0.7424362097341755
verilog_axi,1_synth,0.9,1,7,100,0.8499052112929044
verilog_axi,1_synth,0.9,2,3,100,0.8718018929796636
verilog_axi,1_synth,0.9,2,4,100,0.8595412203488808
verilog_axi,1_synth,0.9,2,5,100,0.9150175487230424
verilog_axi,1_synth,0.9,2,6,100,0.7993438644174989
verilog_axi,1_synth,0.9,2,7,100,0.9202874657857488
verilog_axi,1_synth,0.9,3,4,100,0.7600131223549723
verilog_axi,1_synth,0.9,3,5,100,0.9013053749184492
verilog_axi,1_synth,0.9,3,6,100,0.7958909117536622
verilog_axi,1_synth,0.9,3,7,100,0.8930232403743511
verilog_axi,1_synth,0.9,4,5,100,0.8321696979892184
verilog_axi,1_synth,0.9,4,6,100,0.9120187248887169
verilog_axi,1_synth,0.9,4,7,100,0.8128943936644037
verilog_axi,1_synth,0.9,5,6,100,0.8382627165945123
verilog_axi,1_synth,0.9,5,7,100,0.9177575834065125
verilog_axi,1_synth,0.9,6,7,100,0.8047077737091943
verilog_axi,1_synth,0.96,0,1,100,0.8112531374480807
verilog_axi,1_synth,0.96,0,2,100,0.8293286057207506
verilog_axi,1_synth,0.96,0,3,100,0.8108913507490618
verilog_axi,1_synth,0.96,0,4,100,0.8906334271205667
verilog_axi,1_synth,0.96,0,5,100,0.8478574075339904
verilog_axi,1_synth,0.96,0,6,100,0.8816486967784486
verilog_axi,1_synth,0.96,0,7,100,0.8534091741843272
verilog_axi,1_synth,0.96,1,2,100,0.8553206813737563
verilog_axi,1_synth,0.96,1,3,100,0.868479924070401
verilog_axi,1_synth,0.96,1,4,100,0.8415830360251946
verilog_axi,1_synth,0.96,1,5,100,0.8553861359872129
verilog_axi,1_synth,0.96,1,6,100,0.8139718498654529
verilog_axi,1_synth,0.96,1,7,100,0.8827836701957991
verilog_axi,1_synth,0.96,2,3,100,0.8803815906910173
verilog_axi,1_synth,0.96,2,4,100,0.8983272681956828
verilog_axi,1_synth,0.96,2,5,100,0.9125406431043852
verilog_axi,1_synth,0.96,2,6,100,0.8633440850505347
verilog_axi,1_synth,0.96,2,7,100,0.9104076292864467
verilog_axi,1_synth,0.96,3,4,100,0.8316104784690656
verilog_axi,1_synth,0.96,3,5,100,0.8971842760662015
verilog_axi,1_synth,0.96,3,6,100,0.8523918311287152
verilog_axi,1_synth,0.96,3,7,100,0.8848112527821003
verilog_axi,1_synth,0.96,4,5,100,0.8909004673994281
verilog_axi,1_synth,0.96,4,6,100,0.9170970997472593
verilog_axi,1_synth,0.96,4,7,100,0.875649037056618
verilog_axi,1_synth,0.96,5,6,100,0.8887301458792668
verilog_axi,1_synth,0.96,5,7,100,0.8957842421393605
verilog_axi,1_synth,0.96,6,7,100,0.8528165765715167
verilog_axi,6_final,0.6,0,1,100,0.2247481164306985
verilog_axi,6_final,0.6,0,2,100,0.3919534282180404
verilog_axi,6_final,0.6,0,3,100,0.8153651070395102
verilog_axi,6_final,0.6,0,4,100,0.22681260686044552
verilog_axi,6_final,0.6,0,5,100,0.8087995435974776
verilog_axi,6_final,0.6,0,6,100,0.41814139431794806
verilog_axi,6_final,0.6,0,7,100,0.35452022462334754
verilog_axi,6_final,0.6,1,2,100,0.36678113907278
verilog_axi,6_final,0.6,1,3,100,0.3910129667723867
verilog_axi,6_final,0.6,1,4,100,0.5586114270561492
verilog_axi,6_final,0.6,1,5,100,0.38385532344902135
verilog_axi,6_final,0.6,1,6,100,0.393151072366662
verilog_axi,6_final,0.6,1,7,100,0.46768177080045165
verilog_axi,6_final,0.6,2,3,100,0.551670931919714
verilog_axi,6_final,0.6,2,4,100,0.7832140237659728
verilog_axi,6_final,0.6,2,5,100,0.5451985053516274
verilog_axi,6_final,0.6,2,6,100,0.9559428736157646
verilog_axi,6_final,0.6,2,7,100,0.8895257808166512
verilog_axi,6_final,0.6,3,4,100,0.4000818587481642
verilog_axi,6_final,0.6,3,5,100,0.982005092734263
verilog_axi,6_final,0.6,3,6,100,0.592934619658095
verilog_axi,6_final,0.6,3,7,100,0.5138705900222366
verilog_axi,6_final,0.6,4,5,100,0.38549269995421453
verilog_axi,6_final,0.6,4,6,100,0.7958533935835062
verilog_axi,6_final,0.6,4,7,100,0.8415849971632108
verilog_axi,6_final,0.6,5,6,100,0.5867823893729629
verilog_axi,6_final,0.6,5,7,100,0.5078259340870285
verilog_axi,6_final,0.6,6,7,100,0.9176507618723015
verilog_axi,6_final,0.9,0,1,100,0.6252079877653921
verilog_axi,6_final,0.9,0,2,100,0.7144006151722208
verilog_axi,6_final,0.9,0,3,100,0.7961073798917221
verilog_axi,6_final,0.9,0,4,100,0.6450083328388216
verilog_axi,6_final,0.9,0,5,100,0.8025150421928993
verilog_axi,6_final,0.9,0,6,100,0.7260706964411974
verilog_axi,6_final,0.9,0,7,100,0.6950425305566492
verilog_axi,6_final,0.9,1,2,100,0.7001293229920778
verilog_axi,6_final,0.9,1,3,100,0.6614780073525764
verilog_axi,6_final,0.9,1,4,100,0.7552402501368648
verilog_axi,6_final,0.9,1,5,100,0.6865019322678863
verilog_axi,6_final,0.9,1,6,100,0.6832284403529435
verilog_axi,6_final,0.9,1,7,100,0.7719482911610512
verilog_axi,6_final,0.9,2,3,100,0.7541305564112922
verilog_axi,6_final,0.9,2,4,100,0.7925550342849644
verilog_axi,6_final,0.9,2,5,100,0.7626477725807259
verilog_axi,6_final,0.9,2,6,100,0.8754877623927563
verilog_axi,6_final,0.9,2,7,100,0.8412524181945046
verilog_axi,6_final,0.9,3,4,100,0.7173757378169134
verilog_axi,6_final,0.9,3,5,100,0.8909915310684448
verilog_axi,6_final,0.9,3,6,100,0.8092492342694514
verilog_axi,6_final,0.9,3,7,100,0.7447693752430271
verilog_axi,6_final,0.9,4,5,100,0.6945311576186435
verilog_axi,6_final,0.9,4,6,100,0.8098993732062735
verilog_axi,6_final,0.9,4,7,100,0.8269569946683615
verilog_axi,6_final,0.9,5,6,100,0.80715693073536
verilog_axi,6_final,0.9,5,7,100,0.7518506642419315
verilog_axi,6_final,0.9,6,7,100,0.8527923470271723
verilog_axi,6_final,0.96,0,1,100,0.757371059505403
verilog_axi,6_final,0.96,0,2,100,0.7987647977440062
verilog_axi,6_final,0.96,0,3,100,0.7903097822435717
verilog_axi,6_final,0.96,0,4,100,0.7754158461383603
verilog_axi,6_final,0.96,0,5,100,0.7895491711804127
verilog_axi,6_final,0.96,0,6,100,0.7896940150758489
verilog_axi,6_final,0.96,0,7,100,0.7844637882622453
verilog_axi,6_final,0.96,1,2,100,0.7899610396824315
verilog_axi,6_final,0.96,1,3,100,0.734805618792566
verilog_axi,6_final,0.96,1,4,100,0.8079504539533291
verilog_axi,6_final,0.96,1,5,100,0.7527342120853207
verilog_axi,6_final,0.96,1,6,100,0.7529619106628244
verilog_axi,6_final,0.96,1,7,100,0.8290757554398535
verilog_axi,6_final,0.96,2,3,100,0.8037092473772572
verilog_axi,6_final,0.96,2,4,100,0.8338667545029276
verilog_axi,6_final,0.96,2,5,100,0.8100067249575067
verilog_axi,6_final,0.96,2,6,100,0.8606721530110524
verilog_axi,6_final,0.96,2,7,100,0.8536801679319687
verilog_axi,6_final,0.96,3,4,100,0.7865481529284702
verilog_axi,6_final,0.96,3,5,100,0.8594161019371563
verilog_axi,6_final,0.96,3,6,100,0.8268294740385908
verilog_axi,6_final,0.96,3,7,100,0.7949283235209323
verilog_axi,6_final,0.96,4,5,100,0.7663115453330926
verilog_axi,6_final,0.96,4,6,100,0.8217835951048132
verilog_axi,6_final,0.96,4,7,100,0.8362188880643339
verilog_axi,6_final,0.96,5,6,100,0.8274249216267446
verilog_axi,6_final,0.96,5,7,100,0.7930490914452011
verilog_axi,6_final,0.96,6,7,100,0.8367452287697787
viterbi,1_synth,0.6,0,1,61,0.8794606654232116
viterbi,1_synth,0.6,0,2,61,0.866213553570502
viterbi,1_synth,0.6,0,3,61,0.8476844748670235
viterbi,1_synth,0.6,0,4,59,0.9866066942924855
viterbi,1_synth,0.6,0,5,60,0.9669398393434239
viterbi,1_synth,0.6,0,6,61,0.8694915267452119
viterbi,1_synth,0.6,0,7,61,0.8659767830740188
viterbi,1_synth,0.6,1,2,61,0.9856801073060422
viterbi,1_synth,0.6,1,3,63,0.9678332756402849
viterbi,1_synth,0.6,1,4,59,0.8667586453475032
viterbi,1_synth,0.6,1,5,60,0.8470871505890354
viterbi,1_synth,0.6,1,6,61,0.989205717813251
viterbi,1_synth,0.6,1,7,62,0.9857568437876109
viterbi,1_synth,0.6,2,3,61,0.9746385035107056
viterbi,1_synth,0.6,2,4,59,0.87889686584454
viterbi,1_synth,0.6,2,5,60,0.8450193767426992
viterbi,1_synth,0.6,2,6,61,0.9964466323153601
viterbi,1_synth,0.6,2,7,61,0.9997609019984199
viterbi,1_synth,0.6,3,4,59,0.8555941856265952
viterbi,1_synth,0.6,3,5,60,0.8471596915859629
viterbi,1_synth,0.6,3,6,61,0.9780412125134602
viterbi,1_synth,0.6,3,7,62,0.9745247283991947
viterbi,1_synth,0.6,4,5,59,0.9646008088975455
viterbi,1_synth,0.6,4,6,59,0.8771021448008455
viterbi,1_synth,0.6,4,7,59,0.8789062843372917
viterbi,1_synth,0.6,5,6,60,0.8470464946363996
viterbi,1_synth,0.6,5,7,60,0.8450252876511393
viterbi,1_synth,0.6,6,7,61,0.9964579999897607
viterbi,1_synth,0.9,0,1,61,0.9251386560588205
viterbi,1_synth,0.9,0,2,61,0.9131338108672321
viterbi,1_synth,0.9,0,3,61,0.9026636924963457
viterbi,1_synth,0.9,0,4,59,0.9497982818673988
viterbi,1_synth,0.9,0,5,60,0.9418250271501787
viterbi,1_synth,0.9,0,6,61,0.9130262171712402
viterbi,1_synth,0.9,0,7,61,0.9003516357361598
viterbi,1_synth,0.9,1,2,61,0.9441832429851621
viterbi,1_synth,0.9,1,3,63,0.9449907952123829
viterbi,1_synth,0.9,1,4,59,0.9031458454979504
viterbi,1_synth,0.9,1,5,60,0.8974180718848432
viterbi,1_synth,0.9,1,6,61,0.9541834932835379
viterbi,1_synth,0.9,1,7,62,0.9429088022029064
viterbi,1_synth,0.9,2,3,61,0.9470402455008525
viterbi,1_synth,0.9,2,4,59,0.9246064653140175
viterbi,1_synth,0.9,2,5,60,0.8956955463032266
viterbi,1_synth,0.9,2,6,61,0.9586258249970327
viterbi,1_synth,0.9,2,7,61,0.9762248887824769
viterbi,1_synth,0.9,3,4,59,0.901636158174688
viterbi,1_synth,0.9,3,5,60,0.905610986721357
viterbi,1_synth,0.9,3,6,61,0.9534973926581735
viterbi,1_synth,0.9,3,7,62,0.9378187237623956
viterbi,1_synth,0.9,4,5,59,0.933632363466312
viterbi,1_synth,0.9,4,6,59,0.9237758707913086
viterbi,1_synth,0.9,4,7,59,0.921771800997894
viterbi,1_synth,0.9,5,6,60,0.8922137046205875
viterbi,1_synth,0.9,5,7,60,0.8865723835029391
viterbi,1_synth,0.9,6,7,61,0.9590804925412003
viterbi,1_synth,0.96,0,1,61,0.9292810457706232
viterbi,1_synth,0.96,0,2,61,0.9269204895745369
viterbi,1_synth,0.96,0,3,61,0.9227869004641143
viterbi,1_synth,0.96,0,4,59,0.9320905777679717
viterbi,1_synth,0.96,0,5,60,0.9349292545710052
viterbi,1_synth,0.96,0,6,61,0.9141498532804728
viterbi,1_synth,0.96,0,7,61,0.9085817156446263
viterbi,1_synth,0.96,1,2,61,0.930825448294405
viterbi,1_synth,0.96,1,3,63,0.9377421183194772
viterbi,1_synth,0.96,1,4,59,0.9080449659256306
viterbi,1_synth,0.96,1,5,60,0.9211649364803534
viterbi,1_synth,0.96,1,6,61,0.9338584295035532
viterbi,1_synth,0.96,1,7,62,0.9280961430752483
viterbi,1_synth,0.96,2,3,61,0.9392234740656674
viterbi,1_synth,0.96,2,4,59,0.9293072715330323
viterbi,1_synth,0.96,2,5,60,0.9200719265746314
viterbi,1_synth,0.96,2,6,61,0.9312634718421432
viterbi,1_synth,0.96,2,7,61,0.9528448318882309
viterbi,1_synth,0.96,3,4,59,0.9105145600628113
viterbi,1_synth,0.96,3,5,60,0.9318097189824074
viterbi,1_synth,0.96,3,6,61,0.9364872161457335
viterbi,1_synth,0.96,3,7,62,0.9256565599417399
viterbi,1_synth,0.96,4,5,59,0.9271166827639135
viterbi,1_synth,0.96,4,6,59,0.9249880102478013
viterbi,1_synth,0.96,4,7,59,0.9260558854662828
viterbi,1_synth,0.96,5,6,60,0.9085069213458344
viterbi,1_synth,0.96,5,7,60,0.9011238562584285
viterbi,1_synth,0.96,6,7,61,0.9361158480555958
viterbi,6_final,0.6,0,1,69,0.7434094141658678
viterbi,6_final,0.6,0,2,71,0.9783140190565482
viterbi,6_final,0.6,0,3,71,0.9407751749173477
viterbi,6_final,0.6,0,4,72,0.8168986747062366
viterbi,6_final,0.6,0,5,71,0.7889707978663779
viterbi,6_final,0.6,0,6,69,0.62331632353881
viterbi,6_final,0.6,0,7,68,0.9251695346337357
viterbi,6_final,0.6,1,2,69,0.7517380779136436
viterbi,6_final,0.6,1,3,69,0.7193769579318595
viterbi,6_final,0.6,1,4,69,0.919269481936325
viterbi,6_final,0.6,1,5,69,0.7151878447859836
viterbi,6_final,0.6,1,6,69,0.6160586417708892
viterbi,6_final,0.6,1,7,68,0.6827546609202604
viterbi,6_final,0.6,2,3,71,0.9563519235898859
viterbi,6_final,0.6,2,4,71,0.8146896596443374
viterbi,6_final,0.6,2,5,71,0.7777037453365716
viterbi,6_final,0.6,2,6,69,0.6132991788513067
viterbi,6_final,0.6,2,7,68,0.9192793683164182
viterbi,6_final,0.6,3,4,71,0.7833578702937324
viterbi,6_final,0.6,3,5,71,0.7998055018093687
viterbi,6_final,0.6,3,6,69,0.6135452297950125
viterbi,6_final,0.6,3,7,68,0.9182496469385977
viterbi,6_final,0.6,4,5,71,0.7905676365647181
viterbi,6_final,0.6,4,6,69,0.6149421502205712
viterbi,6_final,0.6,4,7,68,0.7511409706941027
viterbi,6_final,0.6,5,6,69,0.6187233103275653
viterbi,6_final,0.6,5,7,68,0.7550486782182401
viterbi,6_final,0.6,6,7,68,0.6935383419668434
viterbi,6_final,0.9,0,1,69,0.7428224824984986
viterbi,6_final,0.9,0,2,71,0.8348151174202516
viterbi,6_final,0.9,0,3,71,0.7775111421317888
viterbi,6_final,0.9,0,4,72,0.78134396439304
viterbi,6_final,0.9,0,5,71,0.8045658040257218
viterbi,6_final,0.9,0,6,69,0.5208452534717042
viterbi,6_final,0.9,0,7,68,0.7857804091576661
viterbi,6_final,0.9,1,2,69,0.7576664342492957
viterbi,6_final,0.9,1,3,69,0.7175477680018186
viterbi,6_final,0.9,1,4,69,0.8079394090852416
viterbi,6_final,0.9,1,5,69,0.7044888592804672
viterbi,6_final,0.9,1,6,69,0.4892006266116952
viterbi,6_final,0.9,1,7,68,0.6391703593797425
viterbi,6_final,0.9,2,3,71,0.8344533982230691
viterbi,6_final,0.9,2,4,71,0.7412985151768667
viterbi,6_final,0.9,2,5,71,0.7197073055140648
viterbi,6_final,0.9,2,6,69,0.47585691006483205
viterbi,6_final,0.9,2,7,68,0.7560655733104338
viterbi,6_final,0.9,3,4,71,0.7274406862075362
viterbi,6_final,0.9,3,5,71,0.7416180348744339
viterbi,6_final,0.9,3,6,69,0.4653725895668242
viterbi,6_final,0.9,3,7,68,0.7491376300628887
viterbi,6_final,0.9,4,5,71,0.7976700613609623
viterbi,6_final,0.9,4,6,69,0.46104596203794157
viterbi,6_final,0.9,4,7,68,0.6583935653780122
viterbi,6_final,0.9,5,6,69,0.49973030665040874
viterbi,6_final,0.9,5,7,68,0.7064357711107978
viterbi,6_final,0.9,6,7,68,0.6606708643234968
viterbi,6_final,0.96,0,1,69,0.8006975164744904
viterbi,6_final,0.96,0,2,71,0.8452779897500847
viterbi,6_final,0.96,0,3,71,0.8048809613778477
viterbi,6_final,0.96,0,4,72,0.8123986883488021
viterbi,6_final,0.96,0,5,71,0.8449021718419925
viterbi,6_final,0.96,0,6,69,0.6618976584763037
viterbi,6_final,0.96,0,7,68,0.817003932310192
viterbi,6_final,0.96,1,2,69,0.8034815048171576
viterbi,6_final,0.96,1,3,69,0.7813047189454913
viterbi,6_final,0.96,1,4,69,0.8184496541059957
viterbi,6_final,0.96,1,5,69,0.7730051576679187
viterbi,6_final,0.96,1,6,69,0.6376108475218075
viterbi,6_final,0.96,1,7,68,0.7415177460281077
viterbi,6_final,0.96,2,3,71,0.8451547082194215
viterbi,6_final,0.96,2,4,71,0.7760539475144691
viterbi,6_final,0.96,2,5,71,0.78052484412431
viterbi,6_final,0.96,2,6,69,0.6497455186829316
viterbi,6_final,0.96,2,7,68,0.8014340658412685
viterbi,6_final,0.96,3,4,71,0.7748503915990621
viterbi,6_final,0.96,3,5,71,0.7892421564992524
viterbi,6_final,0.96,3,6,69,0.6260595820401231
viterbi,6_final,0.96,3,7,68,0.7984313162296591
viterbi,6_final,0.96,4,5,71,0.840510196823336
viterbi,6_final,0.96,4,6,69,0.6148113759086699
viterbi,6_final,0.96,4,7,68,0.7380414678756857
viterbi,6_final,0.96,5,6,69,0.6439114239592735
viterbi,6_final,0.96,5,7,68,0.7786530253077703
viterbi,6_final,0.96,6,7,68,0.7515016756961366
wb_dma,1_synth,0.6,0,1,100,0.276132066610383
wb_dma,1_synth,0.6,0,2,100,0.23200484544798694
wb_dma,1_synth,0.6,0,3,100,0.28196827465427915
wb_dma,1_synth,0.6,0,4,100,0.9817681536404556
wb_dma,1_synth,0.6,0,5,100,0.3966637160411736
wb_dma,1_synth,0.6,0,6,100,0.30124527136355356
wb_dma,1_synth,0.6,0,7,100,0.30735819800854847
wb_dma,1_synth,0.6,1,2,100,0.8929402352308213
wb_dma,1_synth,0.6,1,3,100,0.9854304320437013
wb_dma,1_synth,0.6,1,4,100,0.2836503082397304
wb_dma,1_synth,0.6,1,5,100,0.4676415028681235
wb_dma,1_synth,0.6,1,6,100,0.9683925717111853
wb_dma,1_synth,0.6,1,7,100,0.3728296370292058
wb_dma,1_synth,0.6,2,3,100,0.9014628967787062
wb_dma,1_synth,0.6,2,4,100,0.22165204144590755
wb_dma,1_synth,0.6,2,5,100,0.3786416550449445
wb_dma,1_synth,0.6,2,6,100,0.922572564539724
wb_dma,1_synth,0.6,2,7,100,0.2814938059985284
wb_dma,1_synth,0.6,3,4,100,0.296436637953859
wb_dma,1_synth,0.6,3,5,100,0.4654485059623543
wb_dma,1_synth,0.6,3,6,100,0.974635450041216
wb_dma,1_synth,0.6,3,7,100,0.3719952107879336
wb_dma,1_synth,0.6,4,5,100,0.4034952100751974
wb_dma,1_synth,0.6,4,6,100,0.29497631526663537
wb_dma,1_synth,0.6,4,7,100,0.3150804112536349
wb_dma,1_synth,0.6,5,6,100,0.4472999699109198
wb_dma,1_synth,0.6,5,7,100,0.8920252516018009
wb_dma,1_synth,0.6,6,7,100,0.35107503959601694
wb_dma,1_synth,0.9,0,1,100,0.6721130664678446
wb_dma,1_synth,0.9,0,2,100,0.6566570939917644
wb_dma,1_synth,0.9,0,3,100,0.6610783580898892
wb_dma,1_synth,0.9,0,4,100,0.9018506249166616
wb_dma,1_synth,0.9,0,5,100,0.6958972294137374
wb_dma,1_synth,0.9,0,6,100,0.6924312613159976
wb_dma,1_synth,0.9,0,7,100,0.5679369313878024
wb_dma,1_synth,0.9,1,2,100,0.8243645421049204
wb_dma,1_synth,0.9,1,3,100,0.9102667100606641
wb_dma,1_synth,0.9,1,4,100,0.6701082718316745
wb_dma,1_synth,0.9,1,5,100,0.785416047145699
wb_dma,1_synth,0.9,1,6,100,0.8834203695562626
wb_dma,1_synth,0.9,1,7,100,0.6194976308870916
wb_dma,1_synth,0.9,2,3,100,0.8469739937339438
wb_dma,1_synth,0.9,2,4,100,0.6217631999060605
wb_dma,1_synth,0.9,2,5,100,0.7041938235861748
wb_dma,1_synth,0.9,2,6,100,0.9006216554806609
wb_dma,1_synth,0.9,2,7,100,0.5086790161707699
wb_dma,1_synth,0.9,3,4,100,0.7233974237106099
wb_dma,1_synth,0.9,3,5,100,0.7776676579822288
wb_dma,1_synth,0.9,3,6,100,0.9248331045837263
wb_dma,1_synth,0.9,3,7,100,0.5958871754176367
wb_dma,1_synth,0.9,4,5,100,0.7268481785256022
wb_dma,1_synth,0.9,4,6,100,0.7024588378976259
wb_dma,1_synth,0.9,4,7,100,0.5705074750718083
wb_dma,1_synth,0.9,5,6,100,0.7526673176635631
wb_dma,1_synth,0.9,5,7,100,0.7435580294161833
wb_dma,1_synth,0.9,6,7,100,0.5497347897643038
wb_dma,1_synth,0.96,0,1,100,0.8132343843094413
wb_dma,1_synth,0.96,0,2,100,0.798259817695089
wb_dma,1_synth,0.96,0,3,100,0.7961708999737193
wb_dma,1_synth,0.96,0,4,100,0.9017552620035387
wb_dma,1_synth,0.96,0,5,100,0.8153349733500557
wb_dma,1_synth,0.96,0,6,100,0.8148031818706777
wb_dma,1_synth,0.96,0,7,100,0.725758522305578
wb_dma,1_synth,0.96,1,2,100,0.8656164180872409
wb_dma,1_synth,0.96,1,3,100,0.9086081681413701
wb_dma,1_synth,0.96,1,4,100,0.8073923510051303
wb_dma,1_synth,0.96,1,5,100,0.8634406002497391
wb_dma,1_synth,0.96,1,6,100,0.8898415269103059
wb_dma,1_synth,0.96,1,7,100,0.7515955798826883
wb_dma,1_synth,0.96,2,3,100,0.8766624430117658
wb_dma,1_synth,0.96,2,4,100,0.7773899538056189
wb_dma,1_synth,0.96,2,5,100,0.8193136577861491
wb_dma,1_synth,0.96,2,6,100,0.906528045855287
wb_dma,1_synth,0.96,2,7,100,0.6758995710121609
wb_dma,1_synth,0.96,3,4,100,0.8457933999043451
wb_dma,1_synth,0.96,3,5,100,0.860006837910731
wb_dma,1_synth,0.96,3,6,100,0.9268598321353266
wb_dma,1_synth,0.96,3,7,100,0.7210779210378251
wb_dma,1_synth,0.96,4,5,100,0.8398308530427021
wb_dma,1_synth,0.96,4,6,100,0.8304370782418876
wb_dma,1_synth,0.96,4,7,100,0.72004296820537
wb_dma,1_synth,0.96,5,6,100,0.8515534486373868
wb_dma,1_synth,0.96,5,7,100,0.7842602622475217
wb_dma,1_synth,0.96,6,7,100,0.6936884553045407
wb_dma,6_final,0.6,0,1,100,0.7882383404809976
wb_dma,6_final,0.6,0,2,100,0.8828029298698722
wb_dma,6_final,0.6,0,3,100,0.774810223124324
wb_dma,6_final,0.6,0,4,100,0.8674921708763723
wb_dma,6_final,0.6,0,5,100,0.8730060579829566
wb_dma,6_final,0.6,0,6,100,0.9512740895807211
wb_dma,6_final,0.6,0,7,100,0.7940916302077317
wb_dma,6_final,0.6,1,2,100,0.7859636447757733
wb_dma,6_final,0.6,1,3,100,0.7515856287234044
wb_dma,6_final,0.6,1,4,100,0.783114326866809
wb_dma,6_final,0.6,1,5,100,0.7915741757963183
wb_dma,6_final,0.6,1,6,100,0.7490225319409598
wb_dma,6_final,0.6,1,7,100,0.789955351435134
wb_dma,6_final,0.6,2,3,100,0.7292861532218784
wb_dma,6_final,0.6,2,4,100,0.9287000244652504
wb_dma,6_final,0.6,2,5,100,0.9432950702690373
wb_dma,6_final,0.6,2,6,100,0.8659126821050276
wb_dma,6_final,0.6,2,7,100,0.8246419980592194
wb_dma,6_final,0.6,3,4,100,0.7935860583844894
wb_dma,6_final,0.6,3,5,100,0.7434854540739917
wb_dma,6_final,0.6,3,6,100,0.7764622458864545
wb_dma,6_final,0.6,3,7,100,0.7837748032297452
wb_dma,6_final,0.6,4,5,100,0.9433675765237647
wb_dma,6_final,0.6,4,6,100,0.8752228966203275
wb_dma,6_final,0.6,4,7,100,0.8264272339713075
wb_dma,6_final,0.6,5,6,100,0.8664923747944135
wb_dma,6_final,0.6,5,7,100,0.8350639326052662
wb_dma,6_final,0.6,6,7,100,0.7881693115417219
wb_dma,6_final,0.9,0,1,100,0.8303235646668683
wb_dma,6_final,0.9,0,2,100,0.8396480532745312
wb_dma,6_final,0.9,0,3,100,0.783038762559967
wb_dma,6_final,0.9,0,4,100,0.7899412214670725
wb_dma,6_final,0.9,0,5,100,0.8061141825989695
wb_dma,6_final,0.9,0,6,100,0.8747226111531137
wb_dma,6_final,0.9,0,7,100,0.844483600132477
wb_dma,6_final,0.9,1,2,100,0.8159217058339305
wb_dma,6_final,0.9,1,3,100,0.7803256252875994
wb_dma,6_final,0.9,1,4,100,0.7997247502700388
wb_dma,6_final,0.9,1,5,100,0.8422011331592186
wb_dma,6_final,0.9,1,6,100,0.7813850779781042
wb_dma,6_final,0.9,1,7,100,0.8424701816418456
wb_dma,6_final,0.9,2,3,100,0.7226260616027285
wb_dma,6_final,0.9,2,4,100,0.8124998219414125
wb_dma,6_final,0.9,2,5,100,0.8644268300758017
wb_dma,6_final,0.9,2,6,100,0.8072515413664516
wb_dma,6_final,0.9,2,7,100,0.844777210577833
wb_dma,6_final,0.9,3,4,100,0.848505818917557
wb_dma,6_final,0.9,3,5,100,0.7494786591782727
wb_dma,6_final,0.9,3,6,100,0.8017543118421547
wb_dma,6_final,0.9,3,7,100,0.8133855492721174
wb_dma,6_final,0.9,4,5,100,0.8448269769037899
wb_dma,6_final,0.9,4,6,100,0.8295801644023689
wb_dma,6_final,0.9,4,7,100,0.8175617063863455
wb_dma,6_final,0.9,5,6,100,0.808937286465137
wb_dma,6_final,0.9,5,7,100,0.8418619623805063
wb_dma,6_final,0.9,6,7,100,0.8240327978922639
wb_dma,6_final,0.96,0,1,100,0.8757673521852879
wb_dma,6_final,0.96,0,2,100,0.8773687506970372
wb_dma,6_final,0.96,0,3,100,0.8284885509402541
wb_dma,6_final,0.96,0,4,100,0.8281312559235204
wb_dma,6_final,0.96,0,5,100,0.8458419486597208
wb_dma,6_final,0.96,0,6,100,0.8767531299107633
wb_dma,6_final,0.96,0,7,100,0.8868360405887834
wb_dma,6_final,0.96,1,2,100,0.8668353887781469
wb_dma,6_final,0.96,1,3,100,0.8352817108695589
wb_dma,6_final,0.96,1,4,100,0.8445704963182439
wb_dma,6_final,0.96,1,5,100,0.8785124626172284
wb_dma,6_final,0.96,1,6,100,0.8408092928045684
wb_dma,6_final,0.96,1,7,100,0.8866349670646909
wb_dma,6_final,0.96,2,3,100,0.8014450190248006
wb_dma,6_final,0.96,2,4,100,0.8387291028545034
wb_dma,6_final,0.96,2,5,100,0.8778010131821905
wb_dma,6_final,0.96,2,6,100,0.8471419146213993
wb_dma,6_final,0.96,2,7,100,0.8862666496958032
wb_dma,6_final,0.96,3,4,100,0.8717959589831149
wb_dma,6_final,0.96,3,5,100,0.815496320547923
wb_dma,6_final,0.96,3,6,100,0.8420059909364308
wb_dma,6_final,0.96,3,7,100,0.844912359848674
wb_dma,6_final,0.96,4,5,100,0.8602654559419335
wb_dma,6_final,0.96,4,6,100,0.8604037717965736
wb_dma,6_final,0.96,4,7,100,0.8486170401264339
wb_dma,6_final,0.96,5,6,100,0.8424763659981555
wb_dma,6_final,0.96,5,7,100,0.8741329264306659
wb_dma,6_final,0.96,6,7,100,0.855969528198113
