design,stage,p,n_seeds,n_pairs,top_k,min_list_len,max_list_len,mean_rbo,std_rbo,min_rbo,max_rbo,mean_dedup_drops,max_dedup_drops
aes,1_synth,0.6,8,28,100,100,100,0.9547264592710226,0.05214537424228529,0.8510821980140237,0.999173428743865,92.0,95
aes,1_synth,0.9,8,28,100,100,100,0.9393450647676035,0.021165047058094442,0.8872030484209547,0.9733455167403982,92.0,95
aes,1_synth,0.96,8,28,100,100,100,0.9385927643318119,0.009522439474778915,0.9153317451835274,0.9591043637427366,92.0,95
aes,6_final,0.6,8,28,100,100,100,0.6111960080116268,0.21158920617377305,0.228232680008917,0.9386272978897383,96.0,96
aes,6_final,0.9,8,28,100,100,100,0.657815685529693,0.09004148890833548,0.46929805815873704,0.843885130468628,96.0,96
aes,6_final,0.96,8,28,100,100,100,0.760201730398836,0.04448478913918812,0.6757653659676698,0.8610924809624829,96.0,96
bitonic_sorter,1_synth,0.6,8,28,100,8,8,1.0,0.0,1.0,1.0,0.0,0
bitonic_sorter,1_synth,0.9,8,28,100,8,8,1.0,0.0,1.0,1.0,0.0,0
bitonic_sorter,1_synth,0.96,8,28,100,8,8,1.0,0.0,1.0,1.0,0.0,0
bitonic_sorter,6_final,0.6,8,28,100,8,8,1.0,0.0,1.0,1.0,0.0,0
bitonic_sorter,6_final,0.9,8,28,100,8,8,1.0,0.0,1.0,1.0,0.0,0
bitonic_sorter,6_final,0.96,8,28,100,8,8,1.0,0.0,1.0,1.0,0.0,0
double_fpu,1_synth,0.6,8,28,100,100,100,0.5438747356646078,0.2599869634482422,0.21447196732936644,0.9902001253855368,23.875,31
double_fpu,1_synth,0.9,8,28,100,100,100,0.7589027412087838,0.0866250242630215,0.6305484837401315,0.9404660945743321,23.875,31
double_fpu,1_synth,0.96,8,28,100,100,100,0.7884192654614276,0.04536480028120745,0.7047026495425505,0.8784069753103847,23.875,31
double_fpu,6_final,0.6,8,28,100,100,100,0.38347664810821136,0.23243609855194125,0.08040192111803529,0.9024820131622839,15.875,20
double_fpu,6_final,0.9,8,28,100,100,100,0.6828012489069327,0.10319316719007424,0.4884564786919637,0.8755199505105437,15.875,20
double_fpu,6_final,0.96,8,28,100,100,100,0.7933673561730686,0.05121981228803279,0.6980972815755827,0.8846623543534065,15.875,20
e203,1_synth,0.6,8,28,100,100,100,0.9999967932325984,2.0192094124775948e-06,0.9999945204814769,0.9999996752727349,2.125,3
e203,1_synth,0.9,8,28,100,100,100,0.9914455885099898,0.0018337819077673062,0.9885028123252646,0.9956811591010036,2.125,3
e203,1_synth,0.96,8,28,100,100,100,0.9627128577988844,0.006538502013694182,0.9486242406492403,0.973950442308063,2.125,3
e203,6_final,0.6,8,28,100,100,100,0.4946644606237287,0.27022359134203017,0.22162047009614644,0.988434080420396,2.5,8
e203,6_final,0.9,8,28,100,100,100,0.6825230603546554,0.09355438158977325,0.5461966746418124,0.8388699596481609,2.5,8
e203,6_final,0.96,8,28,100,100,100,0.6863804713782969,0.055267996565529484,0.5837697902427015,0.8007622772429046,2.5,8
jpeg_encoder,1_synth,0.6,8,28,100,100,100,0.9285209897185516,0.06006616112263086,0.8759286753681892,0.9985998523552759,653.75,655
jpeg_encoder,1_synth,0.9,8,28,100,100,100,0.9497804842106043,0.023254528261570998,0.9229087228995451,0.9848571530137626,653.75,655
jpeg_encoder,1_synth,0.96,8,28,100,100,100,0.9282123801794596,0.016663645838075503,0.9025116275514541,0.9636982768486154,653.75,655
jpeg_encoder,6_final,0.6,8,28,100,100,100,0.6884057636417703,0.0805413429870119,0.6134851814758078,0.898210148128066,652.125,657
jpeg_encoder,6_final,0.9,8,28,100,100,100,0.6536775137950259,0.10680216392900162,0.5036964828875569,0.8237695154798668,652.125,657
jpeg_encoder,6_final,0.96,8,28,100,100,100,0.7758731534245473,0.06351097757374025,0.6783676055362211,0.8775431220731348,652.125,657
reed_solomon,1_synth,0.6,8,28,100,100,100,0.6762779177478101,0.2035392106324131,0.4461783358537518,0.9805168571562111,670.25,732
reed_solomon,1_synth,0.9,8,28,100,100,100,0.6688162690621652,0.07406723472092244,0.5451207510097381,0.8208624438342952,670.25,732
reed_solomon,1_synth,0.96,8,28,100,100,100,0.680627638385553,0.05086829231955321,0.6056911814795763,0.7912205133848755,670.25,732
reed_solomon,6_final,0.6,8,28,100,100,100,0.7038075082393888,0.20931470439152725,0.4387941074437953,0.9647465673100326,742.25,854
reed_solomon,6_final,0.9,8,28,100,100,100,0.6392497897593604,0.08353560929834634,0.4936420280273001,0.8030534975142234,742.25,854
reed_solomon,6_final,0.96,8,28,100,100,100,0.6229916084002263,0.06526750128451013,0.4970844203018222,0.7467571905029403,742.25,854
sha512,1_synth,0.6,8,28,100,100,100,0.8628460742203646,0.17461534426849273,0.5348211861468083,0.9942091498144885,14.125,18
sha512,1_synth,0.9,8,28,100,100,100,0.8832737473323521,0.04590999906123892,0.7687381342906655,0.9510126324379515,14.125,18
sha512,1_synth,0.96,8,28,100,100,100,0.8901964270916303,0.02597163773228244,0.8308437231452297,0.9428038975508252,14.125,18
sha512,6_final,0.6,8,28,100,100,100,0.7421177451749795,0.21918775311254413,0.4420849004480649,0.9955016800734374,26.875,28
sha512,6_final,0.9,8,28,100,100,100,0.7744433427694607,0.09620941254759402,0.608814192067028,0.9276200389166389,26.875,28
sha512,6_final,0.96,8,28,100,100,100,0.8315831974665163,0.051970859501434714,0.7309206183771902,0.9146199517760338,26.875,28
systolic_tpu,1_synth,0.6,8,28,100,73,81,0.7508283376060474,0.19988547087618838,0.5168551243345169,0.9984506020450474,922.875,927
systolic_tpu,1_synth,0.9,8,28,100,73,81,0.8762307072792636,0.04980248452477527,0.7861671271652706,0.9683506760135672,922.875,927
systolic_tpu,1_synth,0.96,8,28,100,73,81,0.9083764741528444,0.02143559716180896,0.8650058478850106,0.954931190227061,922.875,927
systolic_tpu,6_final,0.6,8,28,100,72,77,0.7421243125101916,0.20781377300771364,0.5209465734967705,0.999387518775821,925.5,928
systolic_tpu,6_final,0.9,8,28,100,72,77,0.8712375354611911,0.05966487756055773,0.7632986343812819,0.9783597526767054,925.5,928
systolic_tpu,6_final,0.96,8,28,100,72,77,0.8942993490976404,0.033591506189150376,0.8199597368234413,0.9586721759186642,925.5,928
uberddr3,1_synth,0.6,8,28,100,100,100,0.8769032674995125,0.0957642491868399,0.682955169704546,0.9677841572378594,13.25,16
uberddr3,1_synth,0.9,8,28,100,100,100,0.7812861057261203,0.07115191739005125,0.6285796618229814,0.8757629190561803,13.25,16
uberddr3,1_synth,0.96,8,28,100,100,100,0.7545435395978564,0.04324242631539699,0.6488999847228868,0.8270017707292707,13.25,16
uberddr3,6_final,0.6,8,28,100,100,100,0.5673104974962536,0.3056278548529912,0.05240848529195278,0.9620694227295516,21.875,29
uberddr3,6_final,0.9,8,28,100,100,100,0.67506698609173,0.1219106705475379,0.44701014009588114,0.8524763415251565,21.875,29
uberddr3,6_final,0.96,8,28,100,100,100,0.7238164313046607,0.0587026299706075,0.598877534417329,0.8103133570925188,21.875,29
verilog_axi,1_synth,0.6,8,28,100,100,100,0.7187882580284544,0.20400540782308052,0.4196497574223006,0.9924672445597656,381.375,405
verilog_axi,1_synth,0.9,8,28,100,100,100,0.8314356026749311,0.059769293897416,0.7148223683127262,0.9202874657857488,381.375,405
verilog_axi,1_synth,0.96,8,28,100,100,100,0.8676615614507373,0.030702554205539037,0.8108913507490618,0.9170970997472593,381.375,405
verilog_axi,6_final,0.6,8,28,100,100,100,0.5732524490453798,0.2267758927214098,0.2247481164306985,0.982005092734263,179.125,202
verilog_axi,6_final,0.9,8,28,100,100,100,0.7569473471029331,0.06972919320693814,0.6252079877653921,0.8909915310684448,179.125,202
verilog_axi,6_final,0.96,8,28,100,100,100,0.802294565047,0.033269349771855146,0.734805618792566,0.8606721530110524,179.125,202
viterbi,1_synth,0.6,8,28,100,59,64,0.9172827284517687,0.06269875368355228,0.8450193767426992,0.9997609019984199,938.625,941
viterbi,1_synth,0.9,8,28,100,59,64,0.926806086448165,0.02447438295543691,0.8865723835029391,0.9762248887824769,938.625,941
viterbi,1_synth,0.96,8,28,100,59,64,0.9260556469230812,0.0114470553977585,0.9011238562584285,0.9528448318882309,938.625,941
viterbi,6_final,0.6,8,28,100,68,72,0.7729101005968271,0.11636398767819946,0.6132991788513067,0.9783140190565482,929.625,932
viterbi,6_final,0.9,8,28,100,68,72,0.6913783858417679,0.11986915211759812,0.46104596203794157,0.8348151174202516,929.625,932
viterbi,6_final,0.96,8,28,100,68,72,0.7625483658566986,0.07177011857007336,0.6148113759086699,0.8452779897500847,929.625,932
wb_dma,1_synth,0.6,8,28,100,100,100,0.509511292112376,0.28466799382109587,0.22165204144590755,0.9854304320437013,374.0,419
wb_dma,1_synth,0.9,8,28,100,100,100,0.7211010648600323,0.11789228980269294,0.5086790161707699,0.9248331045837263,374.0,419
wb_dma,1_synth,0.96,8,28,100,100,100,0.8171841576401141,0.06762753172765038,0.6758995710121609,0.9268598321353266,374.0,419
wb_dma,6_final,0.6,8,28,100,100,100,0.8252435327647597,0.06440340950565714,0.7292861532218784,0.9512740895807211,362.5,400
wb_dma,6_final,0.9,8,28,100,100,100,0.8164931131867313,0.03359715223449767,0.7226260616027285,0.8747226111531137,362.5,400
wb_dma,6_final,0.96,8,28,100,100,100,0.8549746701980185,0.022563937576669836,0.8014450190248006,0.8868360405887834,362.5,400
