# stage	1_synth
# top_module	wb_dma_top
# top_n	1000
# kind	top_path_net_fanout
# path_idx	slack_ns	net_name	fanout
0	-7.5527	_00180_	1785
1	-7.5527	_00180_	1785
2	-7.5527	_00180_	1785
3	-7.5527	_00180_	1785
4	-7.5527	_00180_	1785
5	-7.5527	_00180_	1785
6	-7.5527	_00180_	1785
7	-7.5527	_00180_	1785
8	-7.5527	_00180_	1785
9	-7.5527	_00180_	1785
10	-7.5527	_00180_	1785
11	-7.5527	_00180_	1785
12	-7.5527	_00180_	1785
13	-7.5527	_00180_	1785
14	-7.5527	_00180_	1785
15	-7.5527	_00180_	1785
16	-7.5527	_00180_	1785
17	-7.5527	_00180_	1785
18	-7.5527	_00180_	1785
19	-7.5527	_00180_	1785
20	-7.5527	_00180_	1785
21	-7.5527	_00180_	1785
22	-7.5527	_00180_	1785
23	-7.5527	_00180_	1785
24	-7.5527	_00180_	1785
25	-7.5527	_00180_	1785
26	-7.5527	_00180_	1785
27	-7.5527	_00180_	1785
28	-7.5527	_00180_	1785
29	-7.5527	_00180_	1785
30	-7.5527	_00180_	1785
31	-7.5527	_00180_	1785
32	-7.5527	_00180_	1785
33	-7.5527	_00180_	1785
34	-7.5527	_00180_	1785
35	-7.5527	_00180_	1785
36	-7.5527	_00180_	1785
37	-7.5527	_00180_	1785
38	-7.5527	_00180_	1785
39	-7.5527	_00180_	1785
40	-7.5527	_00180_	1785
41	-7.5527	_00180_	1785
42	-7.5527	_00180_	1785
43	-7.5527	_00180_	1785
44	-7.5527	_00180_	1785
45	-7.5527	_00180_	1785
46	-7.5527	_00180_	1785
47	-7.5527	_00180_	1785
48	-7.5527	_00180_	1785
49	-7.5527	_00180_	1785
50	-7.5527	_00180_	1785
51	-7.5527	_00180_	1785
52	-7.5527	_00180_	1785
53	-7.5527	_00180_	1785
54	-7.5527	_00180_	1785
55	-7.5527	_00180_	1785
56	-7.5527	_00180_	1785
57	-7.5527	_00180_	1785
58	-7.5527	_00180_	1785
59	-7.5527	_00180_	1785
60	-7.5527	_00180_	1785
61	-7.5527	_00180_	1785
62	-7.5527	_00180_	1785
63	-7.5527	_00180_	1785
64	-7.5527	_00180_	1785
65	-7.5527	_00180_	1785
66	-7.5527	_00180_	1785
67	-7.5527	_00180_	1785
68	-7.5527	_00180_	1785
69	-7.5527	_00180_	1785
70	-7.5527	_00180_	1785
71	-7.5527	_00180_	1785
72	-7.5527	_00180_	1785
73	-7.5527	_00180_	1785
74	-7.5527	_00180_	1785
75	-7.5527	_00180_	1785
76	-7.5527	_00180_	1785
77	-7.5527	_00180_	1785
78	-7.5527	_00180_	1785
79	-7.5527	_00180_	1785
80	-7.5527	_00180_	1785
81	-7.5527	_00180_	1785
82	-7.5527	_00180_	1785
83	-7.5527	_00180_	1785
84	-7.5527	_00180_	1785
85	-7.5527	_00180_	1785
86	-7.5527	_00180_	1785
87	-7.5527	_00180_	1785
88	-7.5527	_00180_	1785
89	-7.5527	_00180_	1785
90	-7.5527	_00180_	1785
91	-7.5527	_00180_	1785
92	-7.5527	_00180_	1785
93	-7.5527	_00180_	1785
94	-7.5527	_00180_	1785
95	-7.5527	_00180_	1785
96	-7.5527	_00180_	1785
97	-7.5527	_00180_	1785
98	-7.5527	_00180_	1785
99	-7.5527	_00180_	1785
100	-7.5527	_00180_	1785
101	-7.5527	_00180_	1785
102	-7.5527	_00180_	1785
103	-7.5527	_00180_	1785
104	-7.5527	_00180_	1785
105	-7.5527	_00180_	1785
106	-7.5527	_00180_	1785
107	-7.5527	_00180_	1785
108	-7.5527	_00180_	1785
109	-7.5527	_00180_	1785
110	-7.5527	_00180_	1785
111	-7.5527	_00180_	1785
112	-7.5527	_00180_	1785
113	-7.5527	_00180_	1785
114	-7.5527	_00180_	1785
115	-7.5527	_00180_	1785
116	-7.5527	_00180_	1785
117	-7.5527	_00180_	1785
118	-7.5527	_00180_	1785
119	-7.5527	_00180_	1785
120	-7.5527	_00180_	1785
121	-7.5527	_00180_	1785
122	-7.5527	_00180_	1785
123	-7.5527	_00180_	1785
124	-7.5527	_00180_	1785
125	-7.5527	_00180_	1785
126	-7.5527	_00180_	1785
127	-7.5527	_00180_	1785
128	-7.5527	_00180_	1785
129	-7.5527	_00180_	1785
130	-7.5527	_00180_	1785
131	-7.5527	_00180_	1785
132	-7.5527	_00180_	1785
133	-7.5527	_00180_	1785
134	-7.5527	_00180_	1785
135	-7.5527	_00180_	1785
136	-7.5527	_00180_	1785
137	-7.5527	_00180_	1785
138	-7.5527	_00180_	1785
139	-7.5527	_00180_	1785
140	-7.5527	_00180_	1785
141	-7.5527	_00180_	1785
142	-7.5527	_00180_	1785
143	-7.5527	_00180_	1785
144	-7.5527	_00180_	1785
145	-7.5527	_00180_	1785
146	-7.5527	_00180_	1785
147	-7.5527	_00180_	1785
148	-7.5527	_00180_	1785
149	-7.5527	_00180_	1785
150	-7.5527	_00180_	1785
151	-7.5527	_00180_	1785
152	-7.5527	_00180_	1785
153	-7.5527	_00180_	1785
154	-7.5527	_00180_	1785
155	-7.5527	_00180_	1785
156	-7.5527	_00180_	1785
157	-7.5527	_00180_	1785
158	-7.5527	_00180_	1785
159	-7.5527	_00180_	1785
160	-7.5527	_00180_	1785
161	-7.5527	_00180_	1785
162	-7.5527	_00180_	1785
163	-7.5527	_00180_	1785
164	-7.5527	_00180_	1785
165	-7.5527	_00180_	1785
166	-7.5527	_00180_	1785
167	-7.5527	_00180_	1785
168	-7.5527	_00180_	1785
169	-7.5527	_00180_	1785
170	-7.5527	_00180_	1785
171	-7.5527	_00180_	1785
172	-7.5527	_00180_	1785
173	-7.5527	_00180_	1785
174	-7.5527	_00180_	1785
175	-7.5527	_00180_	1785
176	-7.5527	_00180_	1785
177	-7.5527	_00180_	1785
178	-7.5527	_00180_	1785
179	-7.5527	_00180_	1785
180	-7.5527	_00180_	1785
181	-7.5527	_00180_	1785
182	-7.5527	_00180_	1785
183	-7.5527	_00180_	1785
184	-7.5527	_00180_	1785
185	-7.5527	_00180_	1785
186	-7.5527	_00180_	1785
187	-7.5527	_00180_	1785
188	-7.5527	_00180_	1785
189	-7.5527	_00180_	1785
190	-7.5527	_00180_	1785
191	-7.5527	_00180_	1785
192	-7.5527	_00180_	1785
193	-7.5527	_00180_	1785
194	-7.5527	_00180_	1785
195	-7.5527	_00180_	1785
196	-7.5527	_00180_	1785
197	-7.5527	_00180_	1785
198	-7.5527	_00180_	1785
199	-7.5527	_00180_	1785
200	-7.5527	_00180_	1785
201	-7.5527	_00180_	1785
202	-7.5527	_00180_	1785
203	-7.5527	_00180_	1785
204	-7.5527	_00180_	1785
205	-7.5527	_00180_	1785
206	-7.5527	_00180_	1785
207	-7.5527	_00180_	1785
208	-7.5527	_00180_	1785
209	-7.5527	_00180_	1785
210	-7.5527	_00180_	1785
211	-7.5527	_00180_	1785
212	-7.5527	_00180_	1785
213	-7.5527	_00180_	1785
214	-7.5527	_00180_	1785
215	-7.5527	_00180_	1785
216	-7.5527	_00180_	1785
217	-7.5527	_00180_	1785
218	-7.5527	_00180_	1785
219	-7.5527	_00180_	1785
220	-7.5527	_00180_	1785
221	-7.5527	_00180_	1785
222	-7.5527	_00180_	1785
223	-7.5527	_00180_	1785
224	-7.5527	_00180_	1785
225	-7.5527	_00180_	1785
226	-7.5527	_00180_	1785
227	-7.5527	_00180_	1785
228	-7.5527	_00180_	1785
229	-7.5527	_00180_	1785
230	-7.5527	_00180_	1785
231	-7.5527	_00180_	1785
232	-7.5527	_00180_	1785
233	-7.5527	_00180_	1785
234	-7.5527	_00180_	1785
235	-7.5527	_00180_	1785
236	-7.5527	_00180_	1785
237	-7.5527	_00180_	1785
238	-7.5527	_00180_	1785
239	-7.5527	_00180_	1785
240	-7.5527	_00180_	1785
241	-7.5527	_00180_	1785
242	-7.5527	_00180_	1785
243	-7.5527	_00180_	1785
244	-7.5527	_00180_	1785
245	-7.5527	_00180_	1785
246	-7.5527	_00180_	1785
247	-7.5527	_00180_	1785
248	-7.5527	_00180_	1785
249	-7.5527	_00180_	1785
250	-7.5527	_00180_	1785
251	-7.5527	_00180_	1785
252	-7.5527	_00180_	1785
253	-7.5527	_00180_	1785
254	-7.5527	_00180_	1785
255	-7.5527	_00180_	1785
256	-7.5527	_00180_	1785
257	-7.5527	_00180_	1785
258	-7.5527	_00180_	1785
259	-7.5527	_00180_	1785
260	-7.5527	_00180_	1785
261	-7.5527	_00180_	1785
262	-7.5527	_00180_	1785
263	-7.5527	_00180_	1785
264	-7.5527	_00180_	1785
265	-7.5527	_00180_	1785
266	-7.5527	_00180_	1785
267	-7.5527	_00180_	1785
268	-7.5527	_00180_	1785
269	-7.5527	_00180_	1785
270	-7.5527	_00180_	1785
271	-7.5527	_00180_	1785
272	-7.5527	_00180_	1785
273	-7.5527	_00180_	1785
274	-7.5527	_00180_	1785
275	-7.5527	_00180_	1785
276	-7.5527	_00180_	1785
277	-7.5527	_00180_	1785
278	-7.5527	_00180_	1785
279	-7.5527	_00180_	1785
280	-7.5527	_00180_	1785
281	-7.5527	_00180_	1785
282	-7.5527	_00180_	1785
283	-7.5527	_00180_	1785
284	-7.5527	_00180_	1785
285	-7.5527	_00180_	1785
286	-7.5527	_00180_	1785
287	-7.5527	_00180_	1785
288	-7.5527	_00180_	1785
289	-7.5527	_00180_	1785
290	-7.5527	_00180_	1785
291	-7.5527	_00180_	1785
292	-7.5527	_00180_	1785
293	-7.5527	_00180_	1785
294	-7.5527	_00180_	1785
295	-7.5527	_00180_	1785
296	-7.5527	_00180_	1785
297	-7.5527	_00180_	1785
298	-7.5527	_00180_	1785
299	-7.5527	_00180_	1785
300	-7.5527	_00180_	1785
301	-7.5527	_00180_	1785
302	-7.5527	_00180_	1785
303	-7.5527	_00180_	1785
304	-7.5527	_00180_	1785
305	-7.5527	_00180_	1785
306	-7.5527	_00180_	1785
307	-7.5527	_00180_	1785
308	-7.5527	_00180_	1785
309	-7.5527	_00180_	1785
310	-7.5527	_00180_	1785
311	-7.5527	_00180_	1785
312	-7.5527	_00180_	1785
313	-7.5527	_00180_	1785
314	-7.5527	_00180_	1785
315	-7.5527	_00180_	1785
316	-7.5527	_00180_	1785
317	-7.5527	_00180_	1785
318	-7.5527	_00180_	1785
319	-7.5527	_00180_	1785
320	-7.5527	_00180_	1785
321	-7.5527	_00180_	1785
322	-7.5527	_00180_	1785
323	-7.5527	_00180_	1785
324	-7.5527	_00180_	1785
325	-7.5527	_00180_	1785
326	-7.5527	_00180_	1785
327	-7.5527	_00180_	1785
328	-7.5527	_00180_	1785
329	-7.5527	_00180_	1785
330	-7.5527	_00180_	1785
331	-7.5527	_00180_	1785
332	-7.5527	_00180_	1785
333	-7.5527	_00180_	1785
334	-7.5527	_00180_	1785
335	-7.5527	_00180_	1785
336	-7.5527	_00180_	1785
337	-7.5527	_00180_	1785
338	-7.5527	_00180_	1785
339	-7.5527	_00180_	1785
340	-7.5527	_00180_	1785
341	-7.5527	_00180_	1785
342	-7.5527	_00180_	1785
343	-7.5527	_00180_	1785
344	-7.5527	_00180_	1785
345	-7.5527	_00180_	1785
346	-7.5527	_00180_	1785
347	-7.5527	_00180_	1785
348	-7.5527	_00180_	1785
349	-7.5527	_00180_	1785
350	-7.5527	_00180_	1785
351	-7.5527	_00180_	1785
352	-7.5527	_00180_	1785
353	-7.5527	_00180_	1785
354	-7.5527	_00180_	1785
355	-7.5527	_00180_	1785
356	-7.5527	_00180_	1785
357	-7.5527	_00180_	1785
358	-7.5527	_00180_	1785
359	-7.5527	_00180_	1785
360	-7.5527	_00180_	1785
361	-7.5527	_00180_	1785
362	-7.5527	_00180_	1785
363	-7.5527	_00180_	1785
364	-7.5527	_00180_	1785
365	-7.5527	_00180_	1785
366	-7.5527	_00180_	1785
367	-7.5527	_00180_	1785
368	-7.5527	_00180_	1785
369	-7.5527	_00180_	1785
370	-7.5527	_00180_	1785
371	-7.5527	_00180_	1785
372	-7.5527	_00180_	1785
373	-7.5527	_00180_	1785
374	-7.5527	_00180_	1785
375	-7.5527	_00180_	1785
376	-7.5527	_00180_	1785
377	-7.5527	_00180_	1785
378	-7.5527	_00180_	1785
379	-7.5527	_00180_	1785
380	-7.5527	_00180_	1785
381	-7.5527	_00180_	1785
382	-7.5527	_00180_	1785
383	-7.5527	_00180_	1785
384	-7.5527	_00180_	1785
385	-7.5527	_00180_	1785
386	-7.5527	_00180_	1785
387	-7.5527	_00180_	1785
388	-7.5527	_00180_	1785
389	-7.5527	_00180_	1785
390	-7.5527	_00180_	1785
391	-7.5527	_00180_	1785
392	-7.5527	_00180_	1785
393	-7.5527	_00180_	1785
394	-7.5527	_00180_	1785
395	-7.5527	_00180_	1785
396	-7.5527	_00180_	1785
397	-7.5527	_00180_	1785
398	-7.5527	_00180_	1785
399	-7.5527	_00180_	1785
400	-7.5527	_00180_	1785
401	-7.5527	_00180_	1785
402	-7.5527	_00180_	1785
403	-7.5527	_00180_	1785
404	-7.5527	_00180_	1785
405	-7.5527	_00180_	1785
406	-7.5527	_00180_	1785
407	-7.5527	_00180_	1785
408	-7.5527	_00180_	1785
409	-7.5527	_00180_	1785
410	-7.5527	_00180_	1785
411	-7.5527	_00180_	1785
412	-7.5527	_00180_	1785
413	-7.5527	_00180_	1785
414	-7.5527	_00180_	1785
415	-7.5527	_00180_	1785
416	-7.5527	_00180_	1785
417	-7.5527	_00180_	1785
418	-7.5527	_00180_	1785
419	-7.5527	_00180_	1785
420	-7.5527	_00180_	1785
421	-7.5527	_00180_	1785
422	-7.5527	_00180_	1785
423	-7.5527	_00180_	1785
424	-7.5527	_00180_	1785
425	-7.5527	_00180_	1785
426	-7.5527	_00180_	1785
427	-7.5527	_00180_	1785
428	-7.5527	_00180_	1785
429	-7.5527	_00180_	1785
430	-7.5527	_00180_	1785
431	-7.5527	_00180_	1785
432	-7.5527	_00180_	1785
433	-7.5527	_00180_	1785
434	-7.5527	_00180_	1785
435	-7.5527	_00180_	1785
436	-7.5527	_00180_	1785
437	-7.5527	_00180_	1785
438	-7.5527	_00180_	1785
439	-7.5527	_00180_	1785
440	-7.5527	_00180_	1785
441	-7.5527	_00180_	1785
442	-7.5527	_00180_	1785
443	-7.5527	_00180_	1785
444	-7.5527	_00180_	1785
445	-7.5527	_00180_	1785
446	-7.5527	_00180_	1785
447	-7.5527	_00180_	1785
448	-7.5527	_00180_	1785
449	-7.5527	_00180_	1785
450	-7.5527	_00180_	1785
451	-7.5527	_00180_	1785
452	-7.5527	_00180_	1785
453	-7.5527	_00180_	1785
454	-7.5527	_00180_	1785
455	-7.5527	_00180_	1785
456	-7.5527	_00180_	1785
457	-7.5527	_00180_	1785
458	-7.5527	_00180_	1785
459	-7.5527	_00180_	1785
460	-7.5527	_00180_	1785
461	-7.5527	_00180_	1785
462	-7.5527	_00180_	1785
463	-7.5527	_00180_	1785
464	-7.5527	_00180_	1785
465	-7.5527	_00180_	1785
466	-7.5527	_00180_	1785
467	-7.5527	_00180_	1785
468	-7.5527	_00180_	1785
469	-7.5527	_00180_	1785
470	-7.5527	_00180_	1785
471	-7.5527	_00180_	1785
472	-7.5527	_00180_	1785
473	-7.5527	_00180_	1785
474	-7.5527	_00180_	1785
475	-7.5527	_00180_	1785
476	-7.5527	_00180_	1785
477	-7.5527	_00180_	1785
478	-7.5527	_00180_	1785
479	-7.5527	_00180_	1785
480	-7.5527	_00180_	1785
481	-7.5527	_00180_	1785
482	-7.5527	_00180_	1785
483	-7.5527	_00180_	1785
484	-7.5527	_00180_	1785
485	-7.5527	_00180_	1785
486	-7.5527	_00180_	1785
487	-7.5527	_00180_	1785
488	-7.5527	_00180_	1785
489	-7.5527	_00180_	1785
490	-7.5527	_00180_	1785
491	-7.5527	_00180_	1785
492	-7.5527	_00180_	1785
493	-7.5527	_00180_	1785
494	-7.5527	_00180_	1785
495	-7.5527	_00180_	1785
496	-7.5527	_00180_	1785
497	-7.5527	_00180_	1785
498	-7.5527	_00180_	1785
499	-7.5527	_00180_	1785
500	-7.5527	_00180_	1785
501	-7.5527	_00180_	1785
502	-7.5527	_00180_	1785
503	-7.5527	_00180_	1785
504	-7.5527	_00180_	1785
505	-7.5527	_00180_	1785
506	-7.5527	_00180_	1785
507	-7.5527	_00180_	1785
508	-7.5527	_00180_	1785
509	-7.5527	_00180_	1785
510	-7.5527	_00180_	1785
511	-7.5527	_00180_	1785
512	-7.5527	_00180_	1785
513	-7.5527	_00180_	1785
514	-7.5527	_00180_	1785
515	-7.5527	_00180_	1785
516	-7.5527	_00180_	1785
517	-7.5527	_00180_	1785
518	-7.5527	_00180_	1785
519	-7.5527	_00180_	1785
520	-7.5527	_00180_	1785
521	-7.5527	_00180_	1785
522	-7.5527	_00180_	1785
523	-7.5527	_00180_	1785
524	-7.5527	_00180_	1785
525	-7.5527	_00180_	1785
526	-7.5527	_00180_	1785
527	-7.5527	_00180_	1785
528	-7.5527	_00180_	1785
529	-7.5527	_00180_	1785
530	-7.5527	_00180_	1785
531	-7.5527	_00180_	1785
532	-7.5527	_00180_	1785
533	-7.5527	_00180_	1785
534	-7.5527	_00180_	1785
535	-7.5527	_00180_	1785
536	-7.5527	_00180_	1785
537	-7.5527	_00180_	1785
538	-7.5527	_00180_	1785
539	-7.5527	_00180_	1785
540	-7.5527	_00180_	1785
541	-7.5527	_00180_	1785
542	-7.5527	_00180_	1785
543	-7.5527	_00180_	1785
544	-7.5527	_00180_	1785
545	-7.5527	_00180_	1785
546	-7.5527	_00180_	1785
547	-7.5527	_00180_	1785
548	-7.5527	_00180_	1785
549	-7.5527	_00180_	1785
550	-7.5527	_00180_	1785
551	-7.5527	_00180_	1785
552	-7.5527	_00180_	1785
553	-7.5527	_00180_	1785
554	-7.5527	_00180_	1785
555	-7.5527	_00180_	1785
556	-7.5527	_00180_	1785
557	-7.5527	_00180_	1785
558	-7.5527	_00180_	1785
559	-7.5527	_00180_	1785
560	-7.5527	_00180_	1785
561	-7.5527	_00180_	1785
562	-7.5527	_00180_	1785
563	-7.5527	_00180_	1785
564	-7.5527	_00180_	1785
565	-7.5527	_00180_	1785
566	-7.5527	_00180_	1785
567	-7.5527	_00180_	1785
568	-7.5527	_00180_	1785
569	-7.5527	_00180_	1785
570	-7.5527	_00180_	1785
571	-7.5527	_00180_	1785
572	-7.5527	_00180_	1785
573	-7.5527	_00180_	1785
574	-7.5527	_00180_	1785
575	-7.5527	_00180_	1785
576	-7.5527	_00180_	1785
577	-7.5527	_00180_	1785
578	-7.5527	_00180_	1785
579	-7.5527	_00180_	1785
580	-7.5527	_00180_	1785
581	-7.5527	_00180_	1785
582	-7.5527	_00180_	1785
583	-7.5527	_00180_	1785
584	-7.5527	_00180_	1785
585	-7.5527	_00180_	1785
586	-7.5527	_00180_	1785
587	-7.5527	_00180_	1785
588	-7.5527	_00180_	1785
589	-7.5527	_00180_	1785
590	-7.5527	_00180_	1785
591	-7.5527	_00180_	1785
592	-7.5527	_00180_	1785
593	-7.5527	_00180_	1785
594	-7.5527	_00180_	1785
595	-7.5527	_00180_	1785
596	-7.5527	_00180_	1785
597	-7.5527	_00180_	1785
598	-7.5527	_00180_	1785
599	-7.5527	_00180_	1785
600	-7.5527	_00180_	1785
601	-7.5527	_00180_	1785
602	-7.5527	_00180_	1785
603	-7.5527	_00180_	1785
604	-7.5527	_00180_	1785
605	-7.5527	_00180_	1785
606	-7.5527	_00180_	1785
607	-7.5527	_00180_	1785
608	-7.5527	_00180_	1785
609	-7.5527	_00180_	1785
610	-7.5527	_00180_	1785
611	-7.5527	_00180_	1785
612	-7.5527	_00180_	1785
613	-7.5527	_00180_	1785
614	-7.5527	_00180_	1785
615	-7.5527	_00180_	1785
616	-7.5527	_00180_	1785
617	-7.5527	_00180_	1785
618	-7.5527	_00180_	1785
619	-7.5527	_00180_	1785
620	-7.5527	_00180_	1785
621	-7.5527	_00180_	1785
622	-7.5527	_00180_	1785
623	-7.5527	_00180_	1785
624	-7.5527	_00180_	1785
625	-7.5527	_00180_	1785
626	-7.5527	_00180_	1785
627	-7.5527	_00180_	1785
628	-7.5527	_00180_	1785
629	-7.5527	_00180_	1785
630	-7.5527	_00180_	1785
631	-7.5527	_00180_	1785
632	-7.5527	_00180_	1785
633	-7.5527	_00180_	1785
634	-7.5527	_00180_	1785
635	-7.5527	_00180_	1785
636	-7.5527	_00180_	1785
637	-7.5527	_00180_	1785
638	-7.5527	_00180_	1785
639	-7.5527	_00180_	1785
640	-7.5527	_00180_	1785
641	-7.5527	_00180_	1785
642	-7.5527	_00180_	1785
643	-7.5527	_00180_	1785
644	-7.5527	_00180_	1785
645	-7.5527	_00180_	1785
646	-7.5527	_00180_	1785
647	-7.5527	_00180_	1785
648	-7.5527	_00180_	1785
649	-7.5527	_00180_	1785
650	-7.5527	_00180_	1785
651	-7.5527	_00180_	1785
652	-7.5527	_00180_	1785
653	-7.5527	_00180_	1785
654	-7.5527	_00180_	1785
655	-7.5527	_00180_	1785
656	-7.5527	_00180_	1785
657	-7.5527	_00180_	1785
658	-7.5527	_00180_	1785
659	-7.5527	_00180_	1785
660	-7.5527	_00180_	1785
661	-7.5527	_00180_	1785
662	-7.5527	_00180_	1785
663	-7.5527	_00180_	1785
664	-7.5527	_00180_	1785
665	-7.5527	_00180_	1785
666	-7.5527	_00180_	1785
667	-7.5527	_00180_	1785
668	-7.5527	_00180_	1785
669	-7.5527	_00180_	1785
670	-7.5527	_00180_	1785
671	-7.5527	_00180_	1785
672	-7.5527	_00180_	1785
673	-7.5527	_00180_	1785
674	-7.5527	_00180_	1785
675	-7.5527	_00180_	1785
676	-7.5527	_00180_	1785
677	-7.5527	_00180_	1785
678	-7.5527	_00180_	1785
679	-7.5527	_00180_	1785
680	-7.5527	_00180_	1785
681	-7.5527	_00180_	1785
682	-7.5527	_00180_	1785
683	-7.5527	_00180_	1785
684	-7.5527	_00180_	1785
685	-7.5527	_00180_	1785
686	-7.5527	_00180_	1785
687	-7.5527	_00180_	1785
688	-7.5527	_00180_	1785
689	-7.5527	_00180_	1785
690	-7.5527	_00180_	1785
691	-7.5527	_00180_	1785
692	-7.5527	_00180_	1785
693	-7.5527	_00180_	1785
694	-7.5527	_00180_	1785
695	-7.5527	_00180_	1785
696	-7.5527	_00180_	1785
697	-7.5527	_00180_	1785
698	-7.5527	_00180_	1785
699	-7.5527	_00180_	1785
700	-7.5527	_00180_	1785
701	-7.5527	_00180_	1785
702	-7.5527	_00180_	1785
703	-7.5527	_00180_	1785
704	-7.5527	_00180_	1785
705	-7.5527	_00180_	1785
706	-7.5527	_00180_	1785
707	-7.5527	_00180_	1785
708	-7.5527	_00180_	1785
709	-7.5527	_00180_	1785
710	-7.5527	_00180_	1785
711	-7.5527	_00180_	1785
712	-7.5527	_00180_	1785
713	-7.5527	_00180_	1785
714	-7.5527	_00180_	1785
715	-7.5527	_00180_	1785
716	-7.5527	_00180_	1785
717	-7.5527	_00180_	1785
718	-7.5527	_00180_	1785
719	-7.5527	_00180_	1785
720	-7.5527	_00180_	1785
721	-7.5527	_00180_	1785
722	-7.5527	_00180_	1785
723	-7.5527	_00180_	1785
724	-7.5527	_00180_	1785
725	-7.5527	_00180_	1785
726	-7.5527	_00180_	1785
727	-7.5527	_00180_	1785
728	-7.5527	_00180_	1785
729	-7.5527	_00180_	1785
730	-7.5527	_00180_	1785
731	-7.5527	_00180_	1785
732	-7.5527	_00180_	1785
733	-7.5527	_00180_	1785
734	-7.5527	_00180_	1785
735	-7.5527	_00180_	1785
736	-7.5527	_00180_	1785
737	-7.5527	_00180_	1785
738	-7.5527	_00180_	1785
739	-7.5527	_00180_	1785
740	-7.5527	_00180_	1785
741	-7.5527	_00180_	1785
742	-7.5527	_00180_	1785
743	-7.5527	_00180_	1785
744	-7.5527	_00180_	1785
745	-7.5527	_00180_	1785
746	-7.5527	_00180_	1785
747	-7.5527	_00180_	1785
748	-7.5527	_00180_	1785
749	-7.5527	_00180_	1785
750	-7.5527	_00180_	1785
751	-7.5527	_00180_	1785
752	-7.5527	_00180_	1785
753	-7.5527	_00180_	1785
754	-7.5527	_00180_	1785
755	-7.5527	_00180_	1785
756	-7.5527	_00180_	1785
757	-7.5527	_00180_	1785
758	-7.5527	_00180_	1785
759	-7.5527	_00180_	1785
760	-7.5527	_00180_	1785
761	-7.5527	_00180_	1785
762	-7.5527	_00180_	1785
763	-7.5527	_00180_	1785
764	-7.5527	_00180_	1785
765	-7.5527	_00180_	1785
766	-7.5527	_00180_	1785
767	-7.5527	_00180_	1785
768	-7.5527	_00180_	1785
769	-7.5527	_00180_	1785
770	-7.5527	_00180_	1785
771	-7.5527	_00180_	1785
772	-7.5527	_00180_	1785
773	-7.5527	_00180_	1785
774	-7.5527	_00180_	1785
775	-7.5527	_00180_	1785
776	-7.5527	_00180_	1785
777	-7.5527	_00180_	1785
778	-7.5527	_00180_	1785
779	-7.5527	_00180_	1785
780	-7.5527	_00180_	1785
781	-7.5527	_00180_	1785
782	-7.5527	_00180_	1785
783	-7.5527	_00180_	1785
784	-7.5527	_00180_	1785
785	-7.5527	_00180_	1785
786	-7.5527	_00180_	1785
787	-7.5527	_00180_	1785
788	-7.5527	_00180_	1785
789	-7.5527	_00180_	1785
790	-7.5527	_00180_	1785
791	-7.5527	_00180_	1785
792	-7.5527	_00180_	1785
793	-7.5527	_00180_	1785
794	-7.5527	_00180_	1785
795	-7.5527	_00180_	1785
796	-7.5527	_00180_	1785
797	-7.5527	_00180_	1785
798	-7.5527	_00180_	1785
799	-7.5527	_00180_	1785
800	-7.5527	_00180_	1785
801	-7.5527	_00180_	1785
802	-7.5527	_00180_	1785
803	-7.5527	_00180_	1785
804	-7.5527	_00180_	1785
805	-7.5527	_00180_	1785
806	-7.5527	_00180_	1785
807	-7.5527	_00180_	1785
808	-7.5527	_00180_	1785
809	-7.5527	_00180_	1785
810	-7.5527	_00180_	1785
811	-7.5527	_00180_	1785
812	-7.5527	_00180_	1785
813	-7.5527	_00180_	1785
814	-7.5527	_00180_	1785
815	-7.5527	_00180_	1785
816	-7.5527	_00180_	1785
817	-7.5527	_00180_	1785
818	-7.5527	_00180_	1785
819	-7.5527	_00180_	1785
820	-7.5527	_00180_	1785
821	-7.5527	_00180_	1785
822	-7.5527	_00180_	1785
823	-7.5527	_00180_	1785
824	-7.5527	_00180_	1785
825	-7.5527	_00180_	1785
826	-7.5527	_00180_	1785
827	-7.5527	_00180_	1785
828	-7.5527	_00180_	1785
829	-7.5527	_00180_	1785
830	-7.5527	_00180_	1785
831	-7.5527	_00180_	1785
832	-7.5527	_00180_	1785
833	-7.5527	_00180_	1785
834	-7.5527	_00180_	1785
835	-7.5527	_00180_	1785
836	-7.5527	_00180_	1785
837	-7.5527	_00180_	1785
838	-7.5527	_00180_	1785
839	-7.5527	_00180_	1785
840	-7.5527	_00180_	1785
841	-7.5527	_00180_	1785
842	-7.5527	_00180_	1785
843	-7.5527	_00180_	1785
844	-7.5527	_00180_	1785
845	-7.5527	_00180_	1785
846	-7.5527	_00180_	1785
847	-7.5527	_00180_	1785
848	-7.5527	_00180_	1785
849	-7.5527	_00180_	1785
850	-7.5527	_00180_	1785
851	-7.5527	_00180_	1785
852	-7.5527	_00180_	1785
853	-7.5527	_00180_	1785
854	-7.5527	_00180_	1785
855	-7.5527	_00180_	1785
856	-7.5527	_00180_	1785
857	-7.5527	_00180_	1785
858	-7.5527	_00180_	1785
859	-7.5527	_00180_	1785
860	-7.5527	_00180_	1785
861	-7.5527	_00180_	1785
862	-7.5527	_00180_	1785
863	-7.5527	_00180_	1785
864	-7.5527	_00180_	1785
865	-7.5527	_00180_	1785
866	-7.5527	_00180_	1785
867	-7.5527	_00180_	1785
868	-7.5527	_00180_	1785
869	-7.5527	_00180_	1785
870	-7.5527	_00180_	1785
871	-7.5527	_00180_	1785
872	-7.5527	_00180_	1785
873	-7.5527	_00180_	1785
874	-7.5527	_00180_	1785
875	-7.5527	_00180_	1785
876	-7.5527	_00180_	1785
877	-7.5527	_00180_	1785
878	-7.5527	_00180_	1785
879	-7.5527	_00180_	1785
880	-7.5527	_00180_	1785
881	-7.5527	_00180_	1785
882	-7.5527	_00180_	1785
883	-7.5527	_00180_	1785
884	-7.5527	_00180_	1785
885	-7.5527	_00180_	1785
886	-7.5527	_00180_	1785
887	-7.5527	_00180_	1785
888	-5.6837	_00180_	1785
889	-5.6837	_00180_	1785
890	-5.6837	_00180_	1785
891	-5.6837	_00180_	1785
892	-5.6837	_00180_	1785
893	-5.6837	_00180_	1785
894	-5.6837	_00180_	1785
895	-5.6837	_00180_	1785
896	-5.6837	_00180_	1785
897	-5.6837	_00180_	1785
898	-5.6837	_00180_	1785
899	-5.6837	_00180_	1785
900	-5.6837	_00180_	1785
901	-5.6837	_00180_	1785
902	-5.6837	_00180_	1785
903	-5.6837	_00180_	1785
904	-5.6837	_00180_	1785
905	-5.6837	_00180_	1785
906	-5.6837	_00180_	1785
907	-5.6837	_00180_	1785
908	-5.6837	_00180_	1785
909	-5.6837	_00180_	1785
910	-5.6837	_00180_	1785
911	-5.6837	_00180_	1785
912	-5.6837	_00180_	1785
913	-5.6837	_00180_	1785
914	-5.6837	_00180_	1785
915	-5.6837	_00180_	1785
916	-5.6837	_00180_	1785
917	-5.6837	_00180_	1785
918	-5.6837	_00180_	1785
919	-5.6837	_00180_	1785
920	-5.6837	_00180_	1785
921	-5.6837	_00180_	1785
922	-5.6837	_00180_	1785
923	-5.6837	_00180_	1785
924	-5.6837	_00180_	1785
925	-5.6837	_00180_	1785
926	-5.6837	_00180_	1785
927	-5.6837	_00180_	1785
928	-5.6837	_00180_	1785
929	-5.6837	_00180_	1785
930	-5.6837	_00180_	1785
931	-5.6837	_00180_	1785
932	-5.6837	_00180_	1785
933	-5.6837	_00180_	1785
934	-5.6837	_00180_	1785
935	-5.6837	_00180_	1785
936	-5.6837	_00180_	1785
937	-5.6837	_00180_	1785
938	-5.6837	_00180_	1785
939	-5.6837	_00180_	1785
940	-5.6837	_00180_	1785
941	-5.6837	_00180_	1785
942	-5.6837	_00180_	1785
943	-5.6837	_00180_	1785
944	-5.6837	_00180_	1785
945	-5.6837	_00180_	1785
946	-5.6837	_00180_	1785
947	-5.6837	_00180_	1785
948	-5.6837	_00180_	1785
949	-5.6837	_00180_	1785
950	-5.6837	_00180_	1785
951	-5.6837	_00180_	1785
952	-5.6837	_00180_	1785
953	-5.6837	_00180_	1785
954	-5.6837	_00180_	1785
955	-5.6837	_00180_	1785
956	-5.6837	_00180_	1785
957	-5.6837	_00180_	1785
958	-5.6837	_00180_	1785
959	-5.6837	_00180_	1785
960	-5.6837	_00180_	1785
961	-5.6837	_00180_	1785
962	-5.6837	_00180_	1785
963	-5.6837	_00180_	1785
964	-5.6837	_00180_	1785
965	-5.6837	_00180_	1785
966	-5.6837	_00180_	1785
967	-5.6837	_00180_	1785
968	-5.6837	_00180_	1785
969	-5.6837	_00180_	1785
970	-5.6837	_00180_	1785
971	-5.6837	_00180_	1785
972	-5.6837	_00180_	1785
973	-5.6837	_00180_	1785
974	-5.6837	_00180_	1785
975	-5.6837	_00180_	1785
976	-5.6837	_00180_	1785
977	-5.6837	_00180_	1785
978	-5.6837	_00180_	1785
979	-5.6837	_00180_	1785
980	-5.6837	_00180_	1785
981	-5.6837	_00180_	1785
982	-5.6837	_00180_	1785
983	-5.6837	_00180_	1785
984	-5.6837	_00180_	1785
985	-5.6837	_00180_	1785
986	-5.6837	_00180_	1785
987	-5.6837	_00180_	1785
988	-5.6837	_00180_	1785
989	-5.6837	_00180_	1785
990	-5.6837	_00180_	1785
991	-5.6837	_00180_	1785
992	-5.6837	_00180_	1785
993	-5.6837	_00180_	1785
994	-5.6837	_00180_	1785
995	-5.6837	_00180_	1785
996	-5.6837	_00180_	1785
997	-5.6837	_00180_	1785
998	-5.6837	_00180_	1785
999	-5.6837	_00180_	1785
